"Sol: Wavelength (nm)","Sol: Intensity (rel)","Blå himmel: Wavelength (nm)","Blå himmel: Intensity (rel)","Grøn plante: Wavelength (nm)","Grøn plante: Intensity (rel)","Grøn plante 2: Wavelength (nm)","Grøn plante 2: Intensity (rel)","Klippe: Wavelength (nm)","Klippe: Intensity (rel)"
380,0.0209423909424,380,0.0156521256521,380,0.00192474192474,380,0.00252192252192,380,0.00394605394605
381,0.0204824804825,381,0.0150863950864,381,0.00194509194509,381,0.00271728271728,381,0.00357864357864
382,0.016558996559,382,0.0121397121397,382,0.00184741184741,382,0.00250564250564,382,0.0030303030303
383,0.0159973359973,383,0.0116472416472,383,0.00180264180264,383,0.00208236208236,383,0.00325008325008
384,0.0203929403929,384,0.0153387353387,384,0.00215673215673,384,0.00290931290931,384,0.00390128390128
385,0.0220290820291,385,0.0164783364783,385,0.00209161209161,385,0.00293706293706,385,0.00415362415362
386,0.023885003885,386,0.0172027972028,386,0.00240093240093,386,0.00314463314463,386,0.00427572427572
387,0.0239664039664,387,0.0174876974877,387,0.00213527213527,387,0.00292892292892,387,0.00428386428386
388,0.0247804047804,388,0.0180493580494,388,0.00228697228697,388,0.00319754319754,388,0.00477226477226
389,0.0298434898435,389,0.0215495615496,389,0.00268176268176,389,0.00392607392607,389,0.00526473526474
390,0.0319273319273,390,0.0230473230473,390,0.00284863284863,390,0.00369408369408,390,0.00554556554557
391,0.0343367743368,391,0.0244148444148,391,0.00284863284863,391,0.00411736411736,391,0.00603396603397
392,0.028243978244,392,0.0203896103896,392,0.00292596292596,392,0.00388944388944,392,0.00500832500833
393,0.0210441410441,393,0.0151759351759,393,0.00236023236023,393,0.0031894031894,393,0.004292004292
394,0.0322488622489,394,0.0228926628927,394,0.00426906426906,394,0.00550116550117,394,0.00698634698635
395,0.0396440596441,395,0.0274754874755,395,0.00349169349169,395,0.00478484478484,395,0.00697820697821
396,0.030160950161,396,0.0216065416065,396,0.00281607281607,396,0.00397898397898,396,0.00582232582233
397,0.0324808524809,397,0.0226850926851,397,0.0027306027306,397,0.00430458430458,397,0.00602175602176
398,0.0500632700633,398,0.0344596144596,398,0.00411847411847,398,0.00562326562327,398,0.00881784881785
399,0.056909016909,399,0.0392296592297,399,0.00468013468013,399,0.00664076664077,399,0.00999814999815
400,0.0606737706738,400,0.0420868020868,400,0.00490398490398,400,0.00725940725941,400,0.0104051504052
401,0.0635594035594,401,0.043959003959,401,0.00541273541274,401,0.00743848743849,401,0.0111947311947
402,0.06662004662,402,0.0453916453916,402,0.00563251563252,402,0.00775594775595,402,0.0118215118215
403,0.0659118659119,403,0.0448951048951,403,0.00535575535576,403,0.0077355977356,403,0.0116139416139
404,0.0679305879306,404,0.0461730861731,404,0.00578717578718,404,0.00820364820365,404,0.012138972139
405,0.0692818292818,405,0.0465963665964,405,0.00571391571392,405,0.00815480815481,405,0.0124075924076
406,0.0672183372183,406,0.0447607947608,406,0.00579531579532,406,0.00780885780886,406,0.0118703518704
407,0.0702667702668,407,0.0466859066859,407,0.00574647574648,407,0.00814666814667,407,0.0125052725053
408,0.078243978244,408,0.0514396714397,408,0.00665815665816,408,0.00931068931069,408,0.0142960742961
409,0.078073038073,409,0.0512687312687,409,0.00646686646687,409,0.00913974913975,409,0.0142513042513
410,0.0720982720983,410,0.0473615273615,410,0.00649535649536,410,0.00817922817923,410,0.0134739334739
411,0.0853420653421,411,0.0553957153957,411,0.00774891774892,411,0.0104177304177,411,0.0157368557369
412,0.0855577755578,412,0.0550294150294,412,0.00738261738262,412,0.00989676989677,412,0.0161316461316
413,0.0846257446257,413,0.0544351944352,413,0.00752913752914,413,0.0101002701003,413,0.0158670958671
414,0.0882968882969,414,0.0568120768121,414,0.00777333777334,414,0.0106863506864,414,0.0168438968439
415,0.0878532578533,415,0.0554933954934,415,0.00768786768787,415,0.0100432900433,415,0.0168031968032
416,0.0937262737263,416,0.0589854589855,416,0.0082128982129,416,0.0112235912236,416,0.0176904576905
417,0.0909993709994,417,0.0570318570319,417,0.00795241795242,417,0.0107351907352,417,0.0177392977393
418,0.0922122322122,418,0.0576179376179,418,0.00818847818848,418,0.0111177711178,418,0.0180974580975
419,0.0956391756392,419,0.058667998668,419,0.00858733858734,419,0.0115817515818,419,0.0184393384393
420,0.0988707588708,420,0.0597587597588,420,0.00913271913272,420,0.0118096718097,420,0.0192207792208
421,0.105508935509,421,0.0632833832834,421,0.00951936951937,421,0.012814962815,421,0.0204906204906
422,0.101141821142,422,0.0603611203611,422,0.00913271913272,422,0.0122899322899,422,0.020278980279
423,0.103591963592,423,0.061223961224,423,0.00911643911644,423,0.0124364524365,423,0.0206615606616
424,0.106229326229,424,0.0622455322455,424,0.00965367965368,424,0.012412032412,424,0.0215284715285
425,0.106025826026,425,0.0620135420135,425,0.00980833980834,425,0.0128271728272,425,0.0212557812558
426,0.106033966034,426,0.0619402819403,426,0.0098408998409,426,0.012582972583,426,0.0216709216709
427,0.105675805676,427,0.0605320605321,427,0.00991415991416,427,0.0126155326155,427,0.0218581418581
428,0.110502830503,428,0.0633566433566,428,0.0106426906427,428,0.013571983572,428,0.0229082029082
429,0.100002220002,429,0.0571376771377,429,0.00971065971066,429,0.0123387723388,429,0.0210767010767
430,0.0863514263514,430,0.0490872090872,430,0.00850593850594,430,0.0108003108003,430,0.0182114182114
431,0.108769008769,431,0.0604262404262,431,0.0100444000444,431,0.0129126429126,431,0.0227494727495
432,0.123437303437,432,0.0682894882895,432,0.011647981648,432,0.0147319347319,432,0.0260421060421
433,0.124479224479,433,0.0677278277278,433,0.0118107818108,433,0.0147889147889,433,0.0264572464572
434,0.12158952159,434,0.0660062160062,434,0.0111555111555,434,0.0146464646465,434,0.0257897657898
435,0.136404336404,435,0.0729618529619,435,0.0130480630481,435,0.0163680763681,435,0.0290050690051
436,0.144438524439,436,0.076225996226,436,0.013332963333,436,0.017002997003,436,0.0313412513413
437,0.140661560662,437,0.0747363747364,437,0.013976023976,437,0.0169419469419,437,0.0304417804418
438,0.131666851667,438,0.068729048729,438,0.0126085026085,438,0.0156924556925,438,0.0289725089725
439,0.145317645318,439,0.0743782143782,439,0.0134957634958,439,0.0168239168239,439,0.0318215118215
440,0.147254967255,440,0.0749561549562,440,0.0134143634144,440,0.0171128871129,440,0.0320901320901
441,0.159644059644,441,0.0812076812077,441,0.0173297073297,441,0.0211706811707,441,0.0372020572021
442,0.16788988789,442,0.0830961630962,442,0.0158563658564,442,0.0196240796241,442,0.0366241166241
443,0.168292818293,443,0.0824286824287,443,0.0157708957709,443,0.0199333999334,443,0.0366566766567
444,0.173693713694,444,0.0841462241462,444,0.0162633662634,444,0.0203648203648,444,0.0382765382765
445,0.167108447108,445,0.0804181004181,445,0.016068006068,445,0.0191600991601,445,0.0372427572428
446,0.172627372627,446,0.0825182225182,446,0.0161901061901,446,0.019965959966,446,0.0381462981463
447,0.187596847597,447,0.0884604284604,447,0.0178588078588,447,0.0215084915085,447,0.0414918414918
448,0.189517889518,448,0.0887453287453,448,0.0177367077367,448,0.0218788618789,448,0.0418581418581
449,0.192016872017,449,0.0887697487697,449,0.0183716283716,449,0.0223184223184,449,0.0429244829245
450,0.205386835387,450,0.093783993784,450,0.0195682095682,450,0.0232056832057,450,0.0460461760462
451,0.204992044992,451,0.0941747141747,451,0.0195356495356,451,0.0236859436859,451,0.0460583860584
452,0.196062456062,452,0.0878255078255,452,0.0185344285344,452,0.0226521626522,452,0.0446664446664
453,0.19473970474,453,0.086519036519,453,0.0183838383838,453,0.0224364524365,453,0.0439094239094
454,0.204975764976,454,0.0902023902024,454,0.019437969438,454,0.0236533836534,454,0.0461723461723
455,0.206734006734,455,0.0899256299256,455,0.0194461094461,455,0.0236208236208,455,0.0467665667666
456,0.221402301402,456,0.0944433344433,456,0.0210822510823,456,0.0249476449476,456,0.0492411292411
457,0.221968031968,457,0.0936374736375,457,0.0205205905206,457,0.0256110556111,457,0.0498068598069
458,0.213864653865,458,0.0899988899989,458,0.020194990195,458,0.0245162245162,458,0.0481096681097
459,0.220116180116,459,0.0914640914641,459,0.0204798904799,459,0.0249883449883,459,0.0494446294446
460,0.224385614386,460,0.0927583527584,460,0.0208258408258,460,0.0255622155622,460,0.0504784104784
461,0.235215895216,461,0.0962504162504,461,0.0220997520998,461,0.0269989269989,461,0.0530018130018
462,0.243184963185,462,0.0985784585785,462,0.0231416731417,462,0.0279757279757,462,0.0544588744589
463,0.242578532579,463,0.0986557886558,463,0.0230480630481,463,0.0279065379065,463,0.0552281052281
464,0.239774299774,464,0.0965922965923,464,0.0226288526289,464,0.0268931068931,464,0.0545321345321
465,0.245610685611,465,0.0975365375365,465,0.0229788729789,465,0.027935027935,465,0.0561357161357
466,0.248272468272,466,0.0977807377807,466,0.0237358937359,466,0.0283583083583,466,0.0565671365671
467,0.252810522811,467,0.0969341769342,467,0.0235853035853,467,0.0284071484071,467,0.0564857364857
468,0.260042920043,468,0.0999785399785,468,0.0245173345173,468,0.029676989677,468,0.0589521589522
469,0.273311133311,469,0.102957782958,469,0.0253801753802,469,0.0303526103526,469,0.0615651015651
470,0.261320901321,470,0.0983139083139,470,0.024208014208,470,0.0294572094572,470,0.059062049062
471,0.282859362859,471,0.104121804122,471,0.0259906759907,471,0.0316305916306,471,0.0630221630222
472,0.299407999408,472,0.109494209494,472,0.0278303178303,472,0.0335516335516,472,0.0673933473933
473,0.299456839457,473,0.108802308802,473,0.0276105376105,473,0.0334132534133,473,0.0669863469863
474,0.317499167499,474,0.113258963259,474,0.0295071595072,474,0.0352081252081,474,0.0711621711622
475,0.322761682762,475,0.113556073556,475,0.0298164798165,475,0.0355052355052,475,0.0728308728309
476,0.331772671773,476,0.116388796389,476,0.0305328005328,476,0.0370274170274,476,0.0746460946461
477,0.349220779221,477,0.120951270951,477,0.0319613719614,477,0.0391641691642,477,0.078537018537
478,0.370991230991,478,0.126946386946,478,0.0340818440818,478,0.0412520812521,478,0.0833803233803
479,0.386318866319,479,0.13156991157,479,0.0353842453842,479,0.0428231028231,479,0.0867584267584
480,0.400588300588,480,0.135648055648,480,0.0360842860843,480,0.0442231842232,480,0.0902830502831
481,0.424800754801,481,0.143307803308,481,0.0384815184815,481,0.0468564768565,481,0.0953868353868
482,0.435232175232,482,0.144520664521,482,0.0391449291449,482,0.0480245680246,482,0.0983986383986
483,0.445610685611,483,0.147035927036,483,0.0402601102601,483,0.0488711288711,483,0.100702260702
484,0.456607836608,484,0.14951048951,484,0.0410456210456,484,0.0503241203241,484,0.103555333555
485,0.45966033966,485,0.147825507826,485,0.0407322307322,485,0.0499944499944,485,0.102720982721
486,0.421622081622,486,0.13677951678,486,0.0379157879158,486,0.0466977466977,486,0.095631035631
487,0.477071817072,487,0.152864172864,487,0.0429218929219,487,0.0524852924853,487,0.108964368964
488,0.522786102786,488,0.164675324675,488,0.0466378066378,488,0.057528027528,488,0.119147519148
489,0.543225663226,489,0.170682650683,489,0.0489454989455,489,0.0601776001776,489,0.12486994487
490,0.58845968846,490,0.183071743072,490,0.0528364228364,490,0.0647197247197,490,0.136469456469
491,0.588630628631,491,0.182501942502,491,0.0530806230806,491,0.0644836644837,491,0.136933436933
492,0.590551670552,492,0.181390831391,492,0.0534021534022,492,0.064792984793,492,0.137328227328
493,0.621231361231,493,0.187565027565,493,0.055547045547,493,0.0676582676583,493,0.143852443852
494,0.652822732823,494,0.194142154142,494,0.0574843674844,494,0.0710282310282,494,0.151365671366
495,0.68082029082,495,0.199461649462,495,0.0597513597514,495,0.0737917637918,495,0.157975357975
496,0.686107226107,496,0.200589040589,496,0.0613508713509,496,0.0746016946017,496,0.159432419432
497,0.702061642062,497,0.203763643764,497,0.0623358123358,497,0.0765552965553,497,0.164511784512
498,0.683876863877,498,0.197031857032,498,0.0615136715137,498,0.0753261553262,498,0.160661560662
499,0.700905760906,499,0.202746142746,499,0.0640492840493,499,0.0776257076257,499,0.167486957487
500,0.696420616421,500,0.19822029822,500,0.0632393532394,500,0.0767506567507,500,0.166530506531
501,0.676689236689,501,0.192204832205,501,0.0618881118881,501,0.0756273356273,501,0.163697783698
502,0.693872793873,502,0.19625041625,502,0.0636626336626,502,0.0782891182891,502,0.169998149998
503,0.714116994117,503,0.20005994006,503,0.0668453768454,503,0.0810933510934,503,0.175545565546
504,0.701044141044,504,0.194541014541,504,0.0652824952825,504,0.0797298997299,504,0.173066933067
505,0.72753986754,505,0.201777481777,505,0.0690838790839,505,0.0837673437673,505,0.181524401524
506,0.743233803234,506,0.203364783365,506,0.0716072816073,506,0.0857290857291,506,0.186986346986
507,0.731894771895,507,0.200316350316,507,0.0708258408258,507,0.0854523254523,507,0.18473970474
508,0.722664002664,508,0.197862137862,508,0.0715014615015,508,0.0855825655826,508,0.185390905391
509,0.743274503275,509,0.203747363747,509,0.074496984497,509,0.0886676286676,509,0.19357975358
510,0.729819069819,510,0.199034299034,510,0.0737806637807,510,0.0882484182484,510,0.190661560662
511,0.738952158952,511,0.201948421948,511,0.0762063862064,511,0.0905642505643,511,0.196322936323
512,0.743933843934,512,0.201541421541,512,0.0774518074518,512,0.091418951419,512,0.198064898065
513,0.723160543161,513,0.195468975469,513,0.0764261664262,513,0.0903037703038,513,0.194678654679
514,0.706241536242,514,0.189351759352,514,0.0763325563326,514,0.0892007992008,514,0.191687201687
515,0.724755984756,515,0.194524734525,515,0.0799589299589,515,0.0923306323306,515,0.198878898879
516,0.699733599734,516,0.185236985237,516,0.0774111074111,516,0.0898072298072,516,0.191642431642
517,0.649094609095,517,0.172025752026,517,0.0737643837644,517,0.0847441447441,517,0.180498760499
518,0.666229326229,518,0.176116106116,518,0.0779931179931,518,0.0880652680653,518,0.186229326229
519,0.696428756429,519,0.184675324675,519,0.083450993451,519,0.0940074740075,519,0.197576497576
520,0.723421023421,520,0.190072150072,520,0.0887908387908,520,0.0988019388019,520,0.208182928183
521,0.7372997373,521,0.192107152107,521,0.0918759018759,521,0.102123062123,521,0.213351833352
522,0.743433233433,522,0.191036741037,522,0.0944277944278,522,0.103278943279,522,0.215850815851
523,0.740278980279,523,0.189990749991,523,0.0952947052947,523,0.103702223702,523,0.21384023384
524,0.771381951382,524,0.195208495208,524,0.100935730936,524,0.108716468716,524,0.224585044585
525,0.774784474784,525,0.192961852962,525,0.103076553077,525,0.109921189921,525,0.225496725497
526,0.737914307914,526,0.182172272172,526,0.100313020313,526,0.10428016428,526,0.213628593629
527,0.718056758057,527,0.17515965516,527,0.0972238872239,527,0.102407962408,527,0.20858992859
528,0.766888666889,528,0.1874999075,528,0.106772116772,528,0.111386391386,528,0.228223628224
529,0.781036001036,529,0.190064010064,529,0.11233988234,529,0.115057535058,529,0.233937913938
530,0.781190661191,530,0.189803529804,530,0.113341103341,530,0.116726236726,530,0.236534576535
531,0.793372183372,531,0.190560550561,531,0.117541347541,531,0.118553668554,531,0.240673770674
532,0.770771450771,532,0.180996040996,532,0.113414363414,532,0.115187775188,532,0.232545972546
533,0.759261479261,533,0.17822029822,533,0.113813223813,533,0.114487734488,533,0.231561031561
534,0.783298923299,534,0.181989121989,534,0.118566988567,534,0.118818218818,534,0.238414918415
535,0.806913086913,535,0.185188145188,535,0.122645132645,535,0.122412032412,535,0.245228105228
536,0.805993265993,536,0.183381063381,536,0.124289414289,536,0.123173123173,536,0.246432826433
537,0.781947681948,537,0.17712953713,537,0.121472971473,537,0.121357901358,537,0.241141821142
538,0.787092167092,538,0.178733118733,538,0.124370814371,538,0.122977762978,538,0.245317645318
539,0.767926517927,539,0.173503163503,539,0.122755022755,539,0.120971250971,539,0.24093018093
540,0.744365264365,540,0.167931327931,540,0.119315869316,540,0.118053058053,540,0.236526436526
541,0.74263958264,541,0.167605727606,541,0.121546231546,541,0.12034040034,541,0.239912679913
542,0.752969252969,542,0.169477929478,542,0.12546971547,542,0.123401043401,542,0.245651385651
543,0.738378288378,543,0.166396936397,543,0.124891774892,543,0.122497502498,543,0.24535020535
544,0.744015244015,544,0.168167388167,544,0.126877936878,544,0.124532504533,544,0.249583009583
545,0.731878491878,545,0.1660998261,545,0.126706996707,545,0.124540644541,545,0.249037629038
546,0.72583046583,546,0.16491952492,546,0.128131498131,546,0.125826765827,546,0.251243571244
547,0.712757612758,547,0.161704221704,547,0.12748029748,547,0.124329004329,547,0.249745809746
548,0.704935064935,548,0.160035520036,548,0.127052947053,548,0.125195915196,548,0.251565101565
549,0.70044992045,549,0.15927035927,549,0.129157139157,549,0.126095386095,549,0.252358752359
550,0.696371776372,550,0.158098198098,550,0.128937358937,550,0.126046546047,550,0.253034373034
551,0.690413290413,551,0.156071336071,551,0.129173419173,551,0.12668960669,551,0.254035594036
552,0.689257409257,552,0.154406704407,552,0.128689088689,552,0.126148296148,552,0.253201243201
553,0.682688422688,553,0.151496651497,553,0.127146557147,553,0.124736004736,553,0.250030710031
554,0.690014430014,554,0.151667591668,554,0.128660598661,554,0.126315166315,554,0.255403115403
555,0.694312354312,555,0.150487290487,555,0.129148999149,555,0.127381507382,555,0.256957856958
556,0.680352240352,556,0.145774225774,556,0.125559255559,556,0.124573204573,556,0.252700632701
557,0.672322122322,557,0.142660672661,557,0.124037074037,557,0.122741702742,557,0.250197580198
558,0.667653827654,558,0.140271580272,558,0.122539312539,558,0.122570762571,558,0.248028268028
559,0.657511377511,559,0.136665556666,559,0.119193769194,559,0.119428719429,559,0.245138565139
560,0.662655862656,560,0.136698116698,560,0.120447330447,560,0.122041662042,560,0.249403929404
561,0.663591963592,561,0.135884115884,561,0.121228771229,561,0.121630591631,561,0.252370962371
562,0.64942020942,562,0.134492174492,562,0.118436748437,562,0.120161320161,562,0.250445850446
563,0.640661560662,563,0.132058312058,563,0.118176268176,563,0.12064972065,563,0.25117031117
564,0.635362415362,564,0.131602471602,564,0.117354127354,564,0.120609020609,564,0.252733192733
565,0.616778776779,565,0.128012728013,565,0.114293484293,565,0.117882117882,565,0.248296888297
566,0.605557775558,566,0.124357864358,566,0.110825840826,566,0.11638028638,566,0.245032745033
567,0.615004255004,567,0.125863765864,567,0.112966662967,567,0.119151959152,567,0.251512191512
568,0.607352647353,568,0.122835682836,568,0.110288600289,568,0.116661116661,568,0.2492004292
569,0.605854885855,569,0.121191401191,569,0.10848965849,569,0.116050616051,569,0.249794649795
570,0.595101935102,570,0.11752025752,570,0.105616235616,570,0.113730713731,570,0.245806045806
571,0.587254967255,571,0.115884115884,571,0.103658563659,571,0.112827172827,571,0.244776334776
572,0.60233026233,572,0.11765049765,572,0.106072076072,572,0.116294816295,572,0.252985532986
573,0.605276945277,573,0.117316757317,573,0.105127835128,573,0.116327376327,573,0.254808894809
574,0.600156880157,574,0.114638694639,574,0.103385873386,574,0.115692455692,574,0.255451955452
575,0.583437303437,575,0.111993191993,575,0.100365930366,575,0.112623672624,575,0.250063270063
576,0.578903318903,576,0.111366411366,576,0.10012987013,576,0.112668442668,576,0.251955821956
577,0.578252118252,577,0.111057091057,577,0.0995030895031,577,0.113795833796,577,0.253693713694
578,0.561247641248,578,0.108826728827,578,0.0964424464424,578,0.111052651053,578,0.2492004292
579,0.557348577349,579,0.109184889185,579,0.0962226662227,579,0.11185037185,579,0.25160987161
580,0.557104377104,580,0.109347689348,580,0.0970773670774,580,0.113014393014,580,0.255769415769
581,0.553714063714,581,0.109583749584,581,0.0970529470529,581,0.113169053169,581,0.256681096681
582,0.556306656307,582,0.110015170015,582,0.0971262071262,582,0.114463314463,582,0.260327820328
583,0.556762496762,583,0.109762829763,583,0.0975739075739,583,0.114658674659,583,0.262916342916
584,0.556200836201,584,0.108883708884,584,0.096995966996,584,0.115236615237,584,0.264031524032
585,0.541418581419,585,0.105977725978,585,0.0942690642691,585,0.11193991194,585,0.257674177674
586,0.535960705961,586,0.103173493173,586,0.092987012987,586,0.110629370629,586,0.254788544789
587,0.545407185407,587,0.103959003959,587,0.0933736633737,587,0.112623672624,587,0.258952158952
588,0.531064491064,588,0.098147038147,588,0.0899222999223,588,0.108114108114,588,0.250112110112
589,0.494263514264,589,0.0906989306989,589,0.0830684130684,589,0.101105561106,589,0.23257039257
590,0.512375032375,590,0.09332001332,590,0.0858685758686,590,0.10498020498,590,0.241402301402
591,0.519245199245,591,0.0939305139305,591,0.0871628371628,591,0.105843045843,591,0.246278166278
592,0.52767010767,592,0.0942316942317,592,0.0878954378954,592,0.107479187479,592,0.249322529323
593,0.526335146335,593,0.0932467532468,593,0.0875535575536,593,0.107023347023,593,0.248646908647
594,0.522607022607,594,0.090821030821,594,0.0865279165279,594,0.105794205794,594,0.245960705961
595,0.517096237096,595,0.0889813889814,595,0.0847371147371,595,0.104711584712,595,0.242598882599
596,0.521866281866,596,0.0896407296407,596,0.0849568949569,596,0.105948865949,596,0.244487364487
597,0.517743367743,597,0.0875935175935,597,0.0844522144522,597,0.104597624598,597,0.242151182151
598,0.51462981463,598,0.0873126873127,598,0.0837033337033,598,0.104182484182,598,0.241027861028
599,0.50963998964,599,0.0861893661894,599,0.0827590927591,599,0.104117364117,599,0.239977799978
600,0.503478003478,600,0.0849032449032,600,0.0825148925149,600,0.103344063344,600,0.236876456876
601,0.494515854516,601,0.083201983202,601,0.0810171310171,601,0.101333481333,601,0.234556554557
602,0.482822732823,602,0.0816960816961,602,0.0798368298368,602,0.100604950605,602,0.23082029082
603,0.483722203722,603,0.082037962038,603,0.0807566507567,603,0.101707921708,603,0.234906574907
604,0.485122285122,604,0.0818426018426,604,0.0808217708218,604,0.102644022644,604,0.235858955859
605,0.479416139416,605,0.0807518407518,605,0.0798531098531,605,0.10121952122,605,0.234564694565
606,0.476803196803,606,0.0796366596367,606,0.0792019092019,606,0.101154401154,606,0.233636733637
607,0.470706330706,607,0.0788226588227,607,0.0772157472157,607,0.0997136197136,607,0.23082029082
608,0.463445443445,608,0.076519036519,608,0.0763203463203,608,0.097930957931,608,0.22694971695
609,0.462476782477,609,0.0755015355015,609,0.0752295852296,609,0.0977193177193,609,0.226522366522
610,0.455631035631,610,0.0740933140933,610,0.0734387834388,610,0.0967587967588,610,0.223616383616
611,0.458138158138,611,0.0741421541422,611,0.0736504236504,611,0.0974588374588,611,0.224446664447
612,0.45217967218,612,0.0728316128316,612,0.0725596625597,612,0.0960994560995,612,0.222411662412
613,0.442761682762,613,0.070934990935,613,0.0709235209235,613,0.0934295334295,613,0.21834979835
614,0.438622488622,614,0.0703407703408,614,0.0700444000444,614,0.0933033633034,614,0.218158508159
615,0.432033152033,615,0.0697791097791,615,0.0694908794909,615,0.0929004329004,615,0.216632256632
616,0.416371776372,616,0.0671661671662,616,0.0670081770082,616,0.0899374699375,616,0.210641210641
617,0.41441003441,617,0.0663847263847,617,0.0665116365116,617,0.090083990084,617,0.21042957043
618,0.417486957487,618,0.0671254671255,618,0.0671546971547,618,0.0919724719725,618,0.214483294483
619,0.412944832945,619,0.0662382062382,619,0.0665441965442,619,0.0910038110038,619,0.213213453213
620,0.413787323787,620,0.0653835053835,620,0.0667110667111,620,0.0921434121434,620,0.214202464202
621,0.406440966441,621,0.0647648647649,621,0.0658197358197,621,0.0905072705073,621,0.211048211048
622,0.401190661191,622,0.0630961630962,622,0.0648185148185,622,0.0892455692456,622,0.208874828875
623,0.394857734858,623,0.0621193621194,623,0.0634754134754,623,0.0886350686351,623,0.206432826433
624,0.389216709217,624,0.0605402005402,624,0.0625718725719,624,0.0873733673734,624,0.203054723055
625,0.380417360417,625,0.059481999482,625,0.0610822510823,625,0.086070966071,625,0.199562659563
626,0.385431605432,626,0.0596610796611,626,0.0621404521405,626,0.0877396677397,626,0.20276982277
627,0.377731157731,627,0.0573981573982,627,0.0608136308136,627,0.0862215562216,627,0.199062049062
628,0.370315610316,628,0.0560713360713,628,0.0603252303252,628,0.0850697450697,628,0.195720575721
629,0.367295667296,629,0.0556724756725,629,0.0596007696008,629,0.0853139453139,629,0.193677433677
630,0.363103563104,630,0.055298035298,630,0.0600159100159,630,0.0850453250453,630,0.193807673808
631,0.360222000222,631,0.0544351944352,631,0.0594786694787,631,0.0846546046546,631,0.193286713287
632,0.363152403152,632,0.0551352351352,632,0.060138010138,632,0.0856965256965,632,0.195606615607
633,0.365504865505,633,0.0548014948015,633,0.0604066304066,633,0.0863721463721,633,0.196005476005
634,0.364312354312,634,0.0540404040404,634,0.0599711399711,634,0.0861971361971,634,0.195655455655
635,0.365366485366,635,0.0542968142968,635,0.0603415103415,635,0.0864291264291,635,0.195386835387
636,0.364731564732,636,0.0535153735154,636,0.059380989381,636,0.0848743848744,636,0.194458874459
637,0.371080771081,637,0.0538572538573,637,0.0595356495356,637,0.0867221667222,637,0.195370555371
638,0.373254153254,638,0.0535560735561,638,0.0591449291449,638,0.086307026307,638,0.19559033559
639,0.371349391349,639,0.0524978724979,639,0.0578750878751,639,0.0856314056314,639,0.193644873645
640,0.369664409664,640,0.0516187516188,640,0.0570529470529,640,0.0850453250453,640,0.190885410885
641,0.36694971695,641,0.0508902208902,641,0.0564058164058,641,0.0844388944389,641,0.189611499611
642,0.366497946498,642,0.0508535908536,642,0.0557424057424,642,0.0836778036778,642,0.189696969697
643,0.364137344137,643,0.0505931105931,643,0.0554656454656,643,0.0841092241092,643,0.189403929404
644,0.361744181744,644,0.0499419099419,644,0.0548225848226,644,0.0837999037999,644,0.188451548452
645,0.355264735265,645,0.0485743885744,645,0.0535853035853,645,0.0821312021312,645,0.185667665668
646,0.348842268842,646,0.0478255078255,646,0.0516154216154,646,0.0812195212195,646,0.183372183372
647,0.34395012395,647,0.0466207866208,647,0.0513468013468,647,0.0803322603323,647,0.182940762941
648,0.337084027084,648,0.0456521256521,648,0.0505694305694,648,0.0798479298479,648,0.179440559441
649,0.331227291227,649,0.0452207052207,649,0.0490431790432,649,0.0782158582159,649,0.176404336404
650,0.330356310356,650,0.0452695452695,650,0.0488966588967,650,0.0789565989566,650,0.177552077552
651,0.328956228956,651,0.0450253450253,651,0.0487664187664,651,0.079094979095,651,0.178227698228
652,0.328484108484,652,0.0447567247567,652,0.0489454989455,652,0.0790298590299,652,0.178284678285
653,0.322908202908,653,0.0444311244311,653,0.0484408184408,653,0.0787775187775,653,0.177788137788
654,0.315224035224,654,0.0437310837311,654,0.0469186369186,654,0.0774588374588,654,0.175435675436
655,0.296453176453,655,0.0407844007844,655,0.0443382543383,655,0.0724934324934,655,0.162932622933
656,0.271504051504,656,0.0376301476301,656,0.0406793206793,656,0.06670995671,656,0.150344100344
657,0.279945239945,657,0.0389203389203,657,0.0414811114811,657,0.0703200503201,657,0.158374218374
658,0.297161357161,658,0.0412483812484,658,0.0443545343545,658,0.0741295741296,658,0.168215488215
659,0.300913900914,659,0.0412646612647,659,0.0439963739964,659,0.0751959151959,659,0.169501609502
660,0.30408036408,660,0.0416472416472,660,0.0441347541348,660,0.0748947348947,660,0.170600510601
661,0.305228105228,661,0.0412402412402,661,0.0435323935324,661,0.0757412957413,661,0.171007511008
662,0.304137344137,662,0.0410448810449,662,0.0426858326858,662,0.0743412143412,662,0.170323750324
663,0.299709179709,663,0.0400925000925,663,0.041766011766,663,0.0738528138528,663,0.166864246864
664,0.297967217967,664,0.0395633995634,664,0.0406833906834,664,0.0727946127946,664,0.165976985977
665,0.301626151626,665,0.0394616494616,665,0.0408380508381,665,0.0729248529249,665,0.166143856144
666,0.301092981093,666,0.0386191586192,666,0.0403740703741,666,0.0725015725016,666,0.166131646132
667,0.299261479261,667,0.0379842379842,667,0.0392426092426,667,0.0712561512562,667,0.16381988382
668,0.300979020979,668,0.0378865578866,668,0.0390228290228,668,0.071304991305,668,0.163437303437
669,0.297128797129,669,0.0373248973249,669,0.03815998816,669,0.0703526103526,669,0.161801161801
670,0.294019314019,670,0.0367388167388,670,0.0376878676879,670,0.0695304695305,670,0.159212639213
671,0.290535390535,671,0.0360713360713,671,0.0372564472564,671,0.0686025086025,671,0.156803196803
672,0.287035187035,672,0.0353143153143,672,0.0362063862064,672,0.0679757279757,672,0.155614755615
673,0.282867502868,673,0.0345003145003,673,0.0357017057017,673,0.0674954674955,673,0.15476005476
674,0.279965589966,674,0.0346142746143,674,0.035954045954,674,0.0669663669664,674,0.153335553336
675,0.275858955859,675,0.0341421541422,675,0.035547045547,675,0.0664047064047,675,0.151341251341
676,0.271674991675,676,0.0337677137677,676,0.0358400858401,676,0.0669093869094,676,0.152147112147
677,0.265846745847,677,0.0336293336293,677,0.0355226255226,677,0.0669175269175,677,0.151398231398
678,0.26093018093,678,0.033083953084,678,0.0350667850668,678,0.0670966070966,678,0.149827209827
679,0.254727494727,679,0.0327176527177,679,0.0350016650017,679,0.0663151663152,679,0.148630628631
680,0.251121471121,680,0.0323839123839,680,0.0343504643505,680,0.0662419062419,680,0.148378288378
681,0.247271247271,681,0.0321152921153,681,0.0346923446923,681,0.0657697857698,681,0.147230547231
682,0.242086062086,682,0.0312687312687,682,0.0345702445702,682,0.0658593258593,682,0.145342065342
683,0.23756021756,683,0.030991970992,683,0.0346028046028,683,0.0656395456395,683,0.144031524032
684,0.231992451992,684,0.030414030414,684,0.0341347541348,684,0.0643045843046,684,0.141125541126
685,0.233164613165,685,0.0300558700559,685,0.0345621045621,685,0.0648662448662,685,0.141825581826
686,0.219497539498,686,0.0277522477522,686,0.0341225441225,686,0.0615695415695,686,0.132000592001
687,0.182183742184,687,0.0220623820624,687,0.0286931586932,687,0.0522003922004,687,0.109395789396
688,0.184674584675,688,0.0225263625264,688,0.0304514004514,688,0.0541621341621,688,0.113148333148
689,0.189835349835,689,0.023201983202,689,0.0319573019573,689,0.0563355163355,689,0.116038036038
690,0.194947274947,690,0.023608983609,690,0.0343341843342,690,0.0586391386391,690,0.119570799571
691,0.198284678285,691,0.0240811040811,691,0.0368168868169,691,0.0613090613091,691,0.122167462167
692,0.202468642469,692,0.0251474451474,692,0.0394054094054,692,0.0641499241499,692,0.125203685204
693,0.202867502868,693,0.024716024716,693,0.0414322714323,693,0.064736004736,693,0.125081585082
694,0.199920819921,694,0.024366004366,694,0.0432474932475,694,0.0657290857291,694,0.124886224886
695,0.200466200466,695,0.0248137048137,695,0.0462592962593,695,0.067234987235,695,0.12465016465
696,0.200917970918,696,0.0246142746143,696,0.0485791985792,696,0.0686269286269,696,0.124434454434
697,0.203266363266,697,0.025293965294,697,0.0518352018352,697,0.0712724312724,697,0.126497946498
698,0.199367299367,698,0.0247811447811,698,0.0540737040737,698,0.0716631516632,698,0.124935064935
699,0.197014837015,699,0.0238369038369,699,0.0570610870611,699,0.0723876123876,699,0.122598882599
700,0.194361194361,700,0.0233973433973,700,0.0594705294705,700,0.0730550930551,700,0.121272061272
701,0.191088911089,701,0.0232345432345,701,0.0616683316683,701,0.0732341732342,701,0.120238280238
702,0.188655048655,702,0.0227542827543,702,0.065192955193,702,0.0741865541866,702,0.118878898879
703,0.188272468272,703,0.0229984829985,703,0.0687826987827,703,0.076132016132,703,0.119766159766
704,0.188288748289,704,0.0227868427868,704,0.0724864024864,704,0.0779716579717,704,0.119383579384
705,0.187149147149,705,0.0227868427868,705,0.0766866466866,705,0.079094979095,705,0.119114959115
706,0.184267584268,706,0.0226321826322,706,0.0807403707404,706,0.0813334813335,706,0.118707958708
707,0.184332704333,707,0.0229415029415,707,0.0844603544604,707,0.0820253820254,707,0.11896029896
708,0.181695341695,708,0.0219647019647,708,0.0870814370814,708,0.082000962001,708,0.117804417804
709,0.179489399489,709,0.0219402819403,709,0.090483960484,709,0.0830998630999,709,0.115964775965
710,0.178773078773,710,0.0214844414844,710,0.0941551041551,710,0.0835638435638,710,0.116070596071
711,0.176058386058,711,0.0211954711955,711,0.0963203463203,711,0.0842313242313,711,0.115154845155
712,0.174287934288,712,0.0212809412809,712,0.0992507492507,712,0.0845162245162,712,0.113986753987
713,0.171211011211,713,0.0208576608577,713,0.101855551856,713,0.0853058053058,713,0.112562252562
714,0.167173567174,714,0.0203611203611,714,0.104965034965,714,0.0853383653384,714,0.11152033152
715,0.165016465016,715,0.0201087801088,715,0.108318718319,715,0.0854441854442,715,0.110055130055
716,0.158797498797,716,0.019018019018,716,0.10853035853,716,0.0837266437266,716,0.105407185407
717,0.146913086913,717,0.0168609168609,717,0.1034998335,717,0.0779960779961,717,0.0971125171125
718,0.1358996559,718,0.0154933954934,718,0.10039035039,718,0.0739749139749,718,0.0909098309098
719,0.129460909461,719,0.0148259148259,719,0.100642690643,719,0.0720131720132,719,0.0874666074666
720,0.128760868761,720,0.0145817145817,720,0.10481037481,720,0.0734213934214,720,0.0883701483701
721,0.13742997743,721,0.0164539164539,721,0.117411107411,721,0.0798601398601,721,0.0948495948496
722,0.141540681541,722,0.0170725570726,722,0.124248714249,722,0.0829452029452,722,0.0977067377067
723,0.135793835794,723,0.015705035705,723,0.122311392311,723,0.0802997002997,723,0.0931971731972
724,0.131585451585,724,0.0147282347282,724,0.122091612092,724,0.0781263181263,724,0.0903807303807
725,0.131422651423,725,0.0147933547934,725,0.125396455396,725,0.0787937987938,725,0.0893225293225
726,0.130738890739,726,0.0147363747364,726,0.128009398009,726,0.0789972989973,726,0.089526029526
727,0.13007955008,727,0.0147363747364,727,0.13028046028,727,0.079331039331,727,0.0886224886225
728,0.128874828875,728,0.0147282347282,728,0.132812002812,728,0.0790054390054,728,0.0877515077515
729,0.127653827654,729,0.0139223739224,729,0.134326044326,729,0.078630998631,729,0.0857002257002
730,0.127873607874,730,0.0144026344026,730,0.138127428127,730,0.0796159396159,730,0.0872386872387
731,0.128915528916,731,0.0143944943945,731,0.141741591742,731,0.0800962000962,731,0.0872631072631
732,0.131284271284,732,0.0143456543457,732,0.148200688201,732,0.0826806526807,732,0.0896237096237
733,0.131186591187,733,0.0147526547527,733,0.152063122063,733,0.0840196840197,733,0.0900062900063
734,0.131862211862,734,0.0152898952899,734,0.156588966589,734,0.0845976245976,734,0.0908772708773
735,0.130804010804,735,0.0149317349317,735,0.15745994746,735,0.0851104451104,735,0.0900551300551
736,0.128475968476,736,0.0147363747364,736,0.157118067118,736,0.0840034040034,736,0.0891841491841
737,0.128305028305,737,0.0147282347282,737,0.159665889666,737,0.0840848040848,737,0.0883213083213
738,0.126327006327,738,0.0143456543457,738,0.159030969031,738,0.0833115033115,738,0.0865142265142
739,0.125936285936,739,0.0143456543457,739,0.159315869316,739,0.0832708032708,739,0.086213046213
740,0.125740925741,740,0.0141014541015,740,0.160447330447,740,0.0826114626115,740,0.085399045399
741,0.122965182965,741,0.0141502941503,741,0.160300810301,741,0.0822126022126,741,0.084812964813
742,0.122224442224,742,0.0140200540201,742,0.160675250675,742,0.0818137418137,742,0.084178044178
743,0.121345321345,743,0.013783993784,743,0.163052133052,743,0.0826847226847,743,0.0843734043734
744,0.120734820735,744,0.0135316535317,744,0.162962592963,744,0.0814148814149,744,0.0838198838199
745,0.119196359196,745,0.0135886335886,745,0.16341029341,745,0.0815858215858,745,0.0827616827617
746,0.118284678285,746,0.0135642135642,746,0.162718392718,746,0.081773041773,746,0.0820616420616
747,0.115842675843,747,0.0133118733119,747,0.16284049284,747,0.081186961187,747,0.0813371813372
748,0.114230954231,748,0.0131083731084,748,0.162148592149,748,0.0801206201206,748,0.0809953009953
749,0.112285492285,749,0.0127339327339,749,0.159828689829,749,0.0792414992415,749,0.0797824397824
750,0.110258630259,750,0.0127339327339,750,0.158485588486,750,0.0789077589078,750,0.07848003848
751,0.108598068598,751,0.0123025123025,751,0.158265808266,751,0.0780530580531,751,0.0775113775114
752,0.107295667296,752,0.0123350723351,752,0.157297147297,752,0.0777925777926,752,0.0771694971695
753,0.106278166278,753,0.0123594923595,753,0.156825026825,753,0.0772146372146,753,0.0758508158508
754,0.104585044585,754,0.0119117919118,754,0.156181966182,754,0.077002997003,754,0.0762171162171
755,0.102777962778,755,0.0119362119362,755,0.153414363414,755,0.0760587560588,755,0.0746053946054
756,0.101329041329,756,0.0118548118548,756,0.152510822511,756,0.0752773152773,756,0.0739216339216
757,0.0991882191882,757,0.0114396714397,757,0.151363081363,757,0.0746586746587,757,0.0730180930181
758,0.096909016909,758,0.0110326710327,758,0.147057017057,758,0.0722573722574,758,0.0710319310319
759,0.0812476412476,759,0.00898138898139,759,0.117443667444,759,0.0576867576868,759,0.0563880563881
760,0.0465630665631,760,0.0048137048137,760,0.0582088282088,760,0.0310282310282,760,0.0288748288748
761,0.03777999778,761,0.00421948421948,761,0.0504595404595,761,0.0273326673327,761,0.0254885854886
762,0.0444629444629,762,0.0048951048951,762,0.066243016243,762,0.0320375920376,762,0.0319029119029
763,0.0445931845932,763,0.00466718466718,763,0.0629137529138,763,0.0318340918341,763,0.0306574906575
764,0.0479957079957,764,0.00522884522885,764,0.0713549413549,764,0.0360587560588,764,0.0347030747031
765,0.0563392163392,765,0.00642542642543,765,0.0868453768454,765,0.0430754430754,765,0.0420860620861
766,0.0660828060828,766,0.00740222740223,766,0.101806711807,766,0.0510933510934,766,0.0490946090946
767,0.0746135346135,767,0.00841158841159,767,0.117232027232,767,0.057930957931,767,0.0558670958671
768,0.0820942020942,768,0.00911976911977,768,0.126308136308,768,0.062757982758,768,0.0603685203685
769,0.0847397047397,769,0.00941280941281,769,0.129499019499,769,0.0650046250046,769,0.0623872423872
770,0.0859444259444,770,0.00946164946165,770,0.131713101713,770,0.0656558256558,770,0.0630628630629
771,0.0863188663189,771,0.00954304954305,771,0.131517741518,771,0.0657453657454,771,0.0624116624117
772,0.08556998557,772,0.00972212972213,772,0.130467680468,772,0.0657535057535,772,0.0620535020535
773,0.085806045806,773,0.00975468975469,773,0.130443260443,773,0.0653220853221,773,0.0618988418988
774,0.0849594849595,774,0.00929884929885,774,0.128929218929,774,0.0649639249639,774,0.0613697413697
775,0.0834535834536,775,0.00944536944537,775,0.127407037407,775,0.0643127243127,775,0.0605883005883
776,0.0827128427128,776,0.00946978946979,776,0.127553557554,776,0.0644755244755,776,0.0604662004662
777,0.0819151219151,777,0.00916860916861,777,0.12651977652,777,0.0635638435638,777,0.0593835793836
778,0.0799777999778,778,0.00891626891627,778,0.123923113923,778,0.0629859029859,778,0.0590661190661
779,0.0785777185777,779,0.00911976911977,779,0.12236023236,779,0.0621556221556,779,0.0579509379509
780,0.076558996559,780,0.00857438857439,780,0.121188071188,780,0.0613334813335,780,0.057486957487
781,0.0753786953787,781,0.00871276871277,781,0.120138010138,781,0.0612276612277,781,0.056502016502
782,0.0738158138158,782,0.00841972841973,782,0.119625189625,782,0.060959040959,782,0.0562252562253
783,0.0722285122285,783,0.00857438857439,783,0.118257668258,783,0.0601369001369,783,0.0555252155252
784,0.0704946904947,784,0.00812668812669,784,0.115815665816,784,0.059331039331,784,0.0553217153217
785,0.0697539497539,785,0.00811040811041,785,0.115164465164,785,0.0590542790543,785,0.0542146742147
786,0.0677026677027,786,0.00802086802087,786,0.113756243756,786,0.0583623783624,786,0.0537425537426
787,0.0663941613942,787,0.00773393273393,787,0.111466866467,787,0.0574608724609,787,0.0531829281829
788,0.0637303437303,788,0.00782550782551,788,0.109751359751,788,0.0567669367669,788,0.0514959114959
789,0.0629000629001,789,0.00759758759759,789,0.107854737855,789,0.055725015725,789,0.0507144707145
790,0.0607511007511,790,0.00749176749177,790,0.106161616162,790,0.0549517149517,790,0.0503156103156
791,0.0595300995301,791,0.00757316757317,791,0.104151034151,791,0.0546342546343,791,0.0493550893551
792,0.0582683982684,792,0.00720686720687,792,0.1027997928,792,0.0533806933807,792,0.0487038887039
793,0.0568276168276,793,0.00694638694639,793,0.10096015096,793,0.0527457727458,793,0.0478491878492
794,0.0560217560218,794,0.00711732711733,794,0.0999589299589,794,0.0525504125504,794,0.0470677470677
795,0.0555821955822,795,0.00688940688941,795,0.10004033004,795,0.0520131720132,795,0.0468561068561
796,0.0552647352647,796,0.00686498686499,796,0.0992181892182,796,0.0520375920376,796,0.0470514670515
797,0.0557938357938,797,0.00684870684871,797,0.0992588892589,797,0.0523631923632,797,0.0467665667666
798,0.0558752358752,798,0.00697080697081,798,0.099030969031,798,0.0521596921597,798,0.0465305065305
799,0.0554356754357,799,0.00700336700337,799,0.0980297480297,799,0.0518992118992,799,0.0462781662782
800,0.0548333148333,800,0.00659636659637,800,0.0970122470122,800,0.0513375513376,800,0.0452606652607
801,0.0540274540275,801,0.00685684685685,801,0.096475006475,801,0.0514677914678,801,0.0452769452769
802,0.0539379139379,802,0.00696266696267,802,0.0968982868983,802,0.0513701113701,802,0.0455537055537
803,0.053823953824,803,0.00671032671033,803,0.0965971065971,803,0.0522003922004,803,0.0451792651793
804,0.0531483331483,804,0.00675102675103,804,0.0959052059052,804,0.0510770710771,804,0.0448618048618
805,0.0528471528472,805,0.00690568690569,805,0.0962226662227,805,0.0517771117771,805,0.0453339253339
806,0.0533762533763,806,0.00666148666149,806,0.0967354867355,806,0.0514677914678,806,0.0453095053095
807,0.0531462981463,807,0.00697080697081,807,0.0970346320346,807,0.0516366966367,807,0.04499000999
808,0.0526110926111,808,0.00646612646613,808,0.0950098050098,808,0.0509712509713,808,0.0442757242757
809,0.0519843119843,809,0.00655566655567,809,0.0928608428608,809,0.0498723498723,809,0.0432582232582
810,0.0519761719762,810,0.00646612646613,810,0.0918596218596,810,0.0497258297258,810,0.0428756428756
811,0.0507307507308,811,0.00605098605099,811,0.0907932807933,811,0.0484804084804,811,0.0418581418581
812,0.0495016095016,812,0.00603470603471,812,0.0890187590188,812,0.0480327080327,812,0.0408569208569
813,0.0476375476375,813,0.00588818588819,813,0.0849243349243,813,0.0462174862175,813,0.0397417397417
814,0.046213046213,814,0.00583120583121,814,0.0819695119695,814,0.0453139453139,814,0.0377148777149
815,0.0448862248862,815,0.00566840566841,815,0.0785425685426,815,0.042587042587,815,0.0360217560218
816,0.0435268435268,816,0.00541606541607,816,0.0750505050505,816,0.0407555407555,816,0.0349635549636
817,0.0427616827617,817,0.00565212565213,817,0.0744807044807,817,0.0404706404706,817,0.0351019351019
818,0.0417034817035,818,0.00483812483812,818,0.0737074037074,818,0.0399252599253,818,0.0340681540682
819,0.0415081215081,819,0.00520442520443,819,0.0727061827062,819,0.0397217597218,819,0.0340437340437
820,0.0423465423465,820,0.00555444555445,820,0.0750505050505,820,0.0411055611056,820,0.035044955045
821,0.0427535427535,821,0.00522884522885,821,0.076995966996,821,0.0417079217079,821,0.0355984755985
822,0.0404010804011,822,0.00531024531025,822,0.0710863210863,822,0.0385414585415,822,0.0326436526437
823,0.0386021386021,823,0.00507418507419,823,0.0665523365523,823,0.0367018167018,823,0.0307877307877
824,0.0401975801976,824,0.00491138491138,824,0.0714282014282,824,0.0391112591113,824,0.032782032782
825,0.0407755207755,825,0.00529396529397,825,0.0739434639435,825,0.0402834202834,825,0.03370999371
826,0.0408894808895,826,0.00535908535909,826,0.0732027232027,826,0.0403485403485,826,0.0339053539054
827,0.0399370999371,827,0.00529396529397,827,0.0722096422096,827,0.0394775594776,827,0.0330832130832
828,0.0387730787731,828,0.00516372516373,828,0.0690431790432,828,0.0381425981426,828,0.0320575720576
829,0.0378532578533,829,0.00499278499278,829,0.0680826580827,829,0.037523957524,829,0.0314714914715
830,0.037666037666,830,0.00496022496022,830,0.0676023976024,830,0.0378495578496,830,0.0314877714878
831,0.0370046620047,831,0.00493783993784,831,0.067345987346,831,0.0369175269175,831,0.0311194361194
832,0.0361275761276,832,0.00492766492766,832,0.0660883560884,832,0.0367180967181,832,0.0302749102749
833,0.0352891552892,833,0.00492766492766,833,0.0654452954453,833,0.0361157361157,833,0.0299004699005
834,0.0354600954601,834,0.0048544048544,834,0.0655592555593,834,0.0364413364413,834,0.0296725496725
835,0.0355170755171,835,0.00499278499278,835,0.0661697561698,835,0.0365634365634,835,0.0302667702668
836,0.0352158952159,836,0.00509046509047,836,0.0667151367151,836,0.0368808968809,836,0.0306737706738
837,0.0356391756392,837,0.00499278499278,837,0.0664709364709,837,0.0367262367262,837,0.0302830502831
838,0.0353786953787,838,0.00487882487882,838,0.0654371554372,838,0.0367343767344,838,0.0300062900063
839,0.034987974988,839,0.00508232508233,839,0.065078995079,839,0.0364331964332,839,0.0298353498353
840,0.0346298146298,840,0.00480556480556,840,0.0649406149406,840,0.0360668960669,840,0.0294609094609
841,0.0346237096237,841,0.00486457986458,841,0.0641713841714,841,0.0359346209346,841,0.028769008769
842,0.0335390535391,842,0.00478928478928,842,0.0630195730196,842,0.0352528952529,842,0.0283213083213
843,0.033246013246,843,0.00483812483812,843,0.062173012173,843,0.0347319347319,843,0.0281747881748
844,0.0328227328227,844,0.00462648462648,844,0.0605043105043,844,0.0341621341621,844,0.0274828874829
845,0.0321471121471,845,0.00464276464276,845,0.0605612905613,845,0.0343167943168,845,0.0278898878899
846,0.031324971325,846,0.00459392459392,846,0.0595193695194,846,0.0337551337551,846,0.0270921670922
847,0.0298353498353,847,0.00464276464276,847,0.0584855884856,847,0.0333562733563,847,0.0264735264735
848,0.0298190698191,848,0.00470788470788,848,0.0586972286972,848,0.033046953047,848,0.027027047027
849,0.0289521589522,849,0.00449217449217,849,0.0569491619492,849,0.0319114219114,849,0.0255883005883
850,0.0272386872387,850,0.00445554445554,850,0.0547493247493,850,0.031011951012,850,0.0248373848374
851,0.0275561475561,851,0.00421948421948,851,0.0560842860843,851,0.0316061716062,851,0.0254804454804
852,0.0274991674992,852,0.00445554445554,852,0.0558645058645,852,0.0318829318829,852,0.0256839456839
853,0.0266688866689,853,0.00450438450438,853,0.0534632034632,853,0.0305072705073,853,0.0244303844304
854,0.0244141044141,854,0.00396714396714,854,0.0474721574722,854,0.0274222074222,854,0.0216953416953
855,0.0237222037222,855,0.00430902430902,855,0.0493117993118,855,0.0283745883746,855,0.0221186221186
856,0.0247274947275,856,0.00433344433344,856,0.0517538017538,856,0.0290237540238,856,0.0230547230547
857,0.0249839049839,857,0.004366004366,857,0.0524945424945,857,0.0296688496688,857,0.0236326636327
858,0.0244955044955,858,0.00426832426832,858,0.0521363821364,858,0.0296688496688,858,0.0234617234617
859,0.0242431642432,859,0.00451252451252,859,0.0518921818922,859,0.0299537499537,859,0.0233803233803
860,0.0242757242757,860,0.00429829429829,860,0.0510781810782,860,0.0290746290746,860,0.0228512228512
861,0.023364043364,861,0.0044067044067,861,0.0503944203944,861,0.0289688089688,861,0.0226802826803
862,0.0234535834536,862,0.00445554445554,862,0.0503537203537,862,0.028862988863,862,0.022720982721
863,0.0230180930181,863,0.00448606948607,863,0.0501481851482,863,0.0285475635476,863,0.0219741369741
864,0.0229000629001,864,0.00419506419506,864,0.0488396788397,864,0.0284234284234,864,0.0220209420209
865,0.0218825618826,865,0.00430088430088,865,0.047057017057,865,0.0271535871536,865,0.0207755207755
866,0.0207511007511,866,0.00399156399156,866,0.0423195323195,866,0.0248336848337,866,0.0192777592778
867,0.020335960336,867,0.00398342398342,867,0.0440533540534,867,0.0255011655012,867,0.0198475598476
868,0.0210034410034,868,0.00417064417064,868,0.0452255152255,868,0.0256558256558,868,0.0201813001813
869,0.0208894808895,869,0.00421134421134,869,0.0456813556814,869,0.0263314463314,869,0.0206127206127
870,0.0209301809302,870,0.00411366411366,870,0.0452397602398,870,0.0259773559774,870,0.0202769452769
871,0.0208243608244,871,0.0039997039997,871,0.044151034151,871,0.0262663262663,871,0.0200592000592
872,0.0209708809709,872,0.00411366411366,872,0.0445091945092,872,0.0255011655012,872,0.0201324601325
873,0.0207755207755,873,0.00403226403226,873,0.0444277944278,873,0.0257290857291,873,0.0194975394975
874,0.0204743404743,874,0.0039183039183,874,0.0434754134754,874,0.0252651052651,874,0.0193835793836
875,0.0204499204499,875,0.0043253043253,875,0.042693972694,875,0.0249964849965,875,0.0193998593999
876,0.0203257853258,876,0.00401598401598,876,0.0421445221445,876,0.0248723498723,876,0.0189521589522
877,0.0194893994894,877,0.00393458393458,877,0.0418636918637,877,0.0243127243127,877,0.0184393384393
878,0.0195545195545,878,0.00408924408924,878,0.0418962518963,878,0.0241824841825,878,0.01848003848
879,0.0191963591964,879,0.00397528397528,879,0.0421078921079,879,0.0245569245569,879,0.0187486587487
880,0.0197498797499,880,0.00409738409738,880,0.0422706922707,880,0.024329004329,880,0.0187649387649
881,0.0197824397824,881,0.00408924408924,881,0.0422544122544,881,0.0246159396159,881,0.0187323787324
882,0.0192696192696,882,0.003959003959,882,0.0418148518149,882,0.0246464646465,882,0.0185858585859
883,0.0199777999778,883,0.00429274429274,883,0.0420590520591,883,0.0244022644023,883,0.0188137788138
884,0.0202382802383,884,0.00408924408924,884,0.0410415510416,884,0.0240115440115,884,0.0186428386428
885,0.0199615199615,885,0.00399156399156,885,0.0412124912125,885,0.024329004329,885,0.0182358382358
886,0.0191800791801,886,0.00405668405668,886,0.0405938505939,886,0.0235638435638,886,0.0183742183742
887,0.0191047841048,887,0.00399156399156,887,0.0396964146964,887,0.0239993339993,887,0.0179387279387
888,0.0193591593592,888,0.00391016391016,888,0.039844969845,888,0.023458023458,888,0.0174462574463
889,0.0195707995708,889,0.0039997039997,889,0.0392507492507,889,0.0233115033115,889,0.0179183779184
890,0.0188544788545,890,0.00406482406482,890,0.0390228290228,890,0.0226928626929,890,0.0173811373811
891,0.0188463388463,891,0.00406482406482,891,0.0385588485588,891,0.0224730824731,891,0.0176009176009
892,0.0180241980242,892,0.00399766899767,892,0.0372177822178,892,0.0223876123876,892,0.0168031968032
893,0.0181625781626,893,0.00405668405668,893,0.0369308469308,893,0.0223265623266,893,0.0163554963555
894,0.0182032782033,894,0.00414622414622,894,0.0363773263773,894,0.021773041773,894,0.0162578162578
895,0.0165264365264,895,0.00364968364968,895,0.0346516446516,895,0.020552040552,895,0.0154600954601
896,0.0150856550857,896,0.0037148037148,896,0.032698042698,896,0.0197054797055,896,0.0146949346949
897,0.0138911088911,897,0.00350926850927,897,0.0306304806305,897,0.0187734487734,897,0.0137812187812
898,0.0129611129611,898,0.00354386354386,898,0.0292222592223,898,0.0177355977356,898,0.0131239131239
899,0.0122529322529,899,0.00328338328338,899,0.0277326377326,899,0.0168076368076,899,0.0123668923669
900,0.0123994523995,900,0.003552003552,900,0.027520997521,900,0.0165797165797,900,0.0125215525216
901,0.0122366522367,901,0.00345432345432,901,0.0273012173012,901,0.0169622969623,901,0.0124564324564
902,0.0118825618826,902,0.00365578865579,902,0.0276146076146,902,0.0164901764902,902,0.0122671772672
903,0.0127576127576,903,0.00354386354386,903,0.0294257594258,903,0.017466977467,903,0.0131727531728
904,0.0129285529286,904,0.00380434380434,904,0.0299955599956,904,0.0181181781182,904,0.0136774336774
905,0.0132053132053,905,0.00346246346246,905,0.0304676804677,905,0.0183867983868,905,0.0134739334739
906,0.0129326229326,906,0.00371073371073,906,0.0287012987013,906,0.0175158175158,906,0.0129997779998
907,0.0120168720169,907,0.00332408332408,907,0.0266011766012,907,0.0164494764495,907,0.0122285122285
908,0.0116424316424,908,0.00362526362526,908,0.0252906352906,908,0.015838975839,908,0.011731971732
909,0.0110644910645,909,0.00342176342176,909,0.024671994672,909,0.015318015318,909,0.0114389314389
910,0.0111133311133,910,0.00362526362526,910,0.024151034151,910,0.015081955082,910,0.0113331113331
911,0.0109240759241,911,0.00352147852148,911,0.0249222999223,911,0.0150005550006,911,0.011265956266
912,0.010804010804,912,0.00346246346246,912,0.0240859140859,912,0.0152040552041,912,0.0114714914715
913,0.010397010397,913,0.0034706034706,913,0.0226858326858,913,0.0142923742924,913,0.0107714507715
914,0.0102179302179,914,0.00316128316128,914,0.0234672734673,914,0.0147075147075,914,0.0107388907389
915,0.00992895992896,915,0.0034237984238,915,0.0222971472971,915,0.0141641691642,915,0.010337995338
916,0.00981906981907,916,0.0035113035113,916,0.0227835127835,916,0.0142191142191,916,0.0106656306656
917,0.00968068968069,917,0.00336478336478,917,0.0222055722056,917,0.0137062937063,917,0.0101121101121
918,0.00963998963999,918,0.0036334036334,918,0.0218067118067,918,0.0137307137307,918,0.0101446701447
919,0.00979464979465,919,0.00336274836275,919,0.0226023976024,919,0.0142069042069,919,0.0103624153624
920,0.00991674991675,920,0.00352758352758,920,0.0232963332963,920,0.0144795944796,920,0.0106086506087
921,0.00986790986791,921,0.0036741036741,921,0.0227183927184,921,0.0140318940319,921,0.0103725903726
922,0.00922484922485,922,0.00348688348688,922,0.0223195323195,922,0.0138365338365,922,0.0106086506087
923,0.009000999001,923,0.00341769341769,923,0.0214546564547,923,0.0136940836941,923,0.00974580974581
924,0.00868760868761,924,0.0035927035927,924,0.0212287712288,924,0.013453953454,924,0.00990860990861
925,0.00841084841085,925,0.00361712361712,925,0.0207240907241,925,0.0134458134458,925,0.00993302993303
926,0.00820734820735,926,0.00376364376364,926,0.0208624708625,926,0.0131690531691,926,0.00969696969697
927,0.00815850815851,927,0.00357031857032,927,0.020081030081,927,0.0130164280164,927,0.0099777999778
928,0.00779220779221,928,0.00374736374736,928,0.0182413882414,928,0.0120701520702,928,0.00880970880971
929,0.00732822732823,929,0.0031857031857,929,0.0172076072076,929,0.0111747511748,929,0.00827246827247
930,0.00689680689681,930,0.00337292337292,930,0.0156203056203,930,0.0103119103119,930,0.00762126762127
931,0.00620490620491,931,0.00312298812299,931,0.0137623487623,931,0.00893828393828,931,0.00683982683983
932,0.00525252525253,932,0.00324268324268,932,0.0109398009398,932,0.00763384763385,932,0.00577348577349
933,0.00504902504903,933,0.00329966329966,933,0.00989787989788,933,0.00710474710475,933,0.00526066526067
934,0.00462370962371,934,0.00314296814297,934,0.00875013875014,934,0.00612998112998,934,0.00489232989233
935,0.00430828430828,935,0.00334036334036,935,0.0091082991083,935,0.00621748621749,935,0.00448736448736
936,0.0041292041292,936,0.00331594331594,936,0.00875827875828,936,0.00616864616865,936,0.0046583046583
937,0.00423502423502,937,0.00334036334036,937,0.0085384985385,937,0.00586746586747,937,0.0046583046583
938,0.00423298923299,938,0.00338716838717,938,0.00923243423243,938,0.0061482961483,938,0.00481906981907
939,0.00518740518741,939,0.00345432345432,939,0.011477041477,939,0.00756872756873,939,0.00601768601769
940,0.0049839049839,940,0.00316942316942,940,0.0112328412328,940,0.00732452732453,940,0.00587116587117
941,0.00501443001443,941,0.0033078033078,941,0.0108991008991,941,0.00723498723499,941,0.00598512598513
942,0.00499204499204,942,0.00357642357642,942,0.010256040256,942,0.00742220742221,942,0.00563510563511
943,0.00464202464202,943,0.0033485033485,943,0.00985717985718,943,0.00684426684427,943,0.00507344507345
944,0.00443852443852,944,0.00358456358456,944,0.00903503903504,944,0.00649424649425,944,0.00519554519555
945,0.0042513042513,945,0.00322233322233,945,0.00925685425685,945,0.00636807636808,945,0.00500222000222
946,0.0042106042106,946,0.00343804343804,946,0.0088233988234,946,0.00615236615237,946,0.00459614459614
947,0.00410478410478,947,0.0034299034299,947,0.00937691937692,947,0.00687682687683,947,0.00510600510601
948,0.00439449439449,948,0.0036741036741,948,0.0093117993118,948,0.00653901653902,948,0.00501443001443
949,0.00416361416361,949,0.00351944351944,949,0.00876641876642,949,0.00590002590003,949,0.00467458467458
950,0.00412106412106,950,0.0036334036334,950,0.00877455877456,950,0.00610352610353,950,0.00492692492692
