Wavelength (nm),Run 1,Run 1 2,Run 2,Run 3
380,0.037039627,0.003039183,0.017085137,0.002202797
381,0.033653384,0.003108373,0.015571096,0.002177822
382,0.028150738,0.002685093,0.013332593,0.001819662
383,0.028455988,0.002697303,0.013116883,0.001603952
384,0.037210567,0.003547934,0.017166537,0.002234802
385,0.038480408,0.003466533,0.018159618,0.002283642
386,0.041569542,0.004015984,0.019331779,0.002446442
387,0.041720132,0.003718874,0.01987716,0.002202242
388,0.044292374,0.003670034,0.020992341,0.002674363
389,0.052949273,0.004528805,0.024862915,0.002788323
390,0.056640767,0.004752655,0.026950827,0.002959263
391,0.057886188,0.005070115,0.028635809,0.003138343
392,0.044292374,0.004162504,0.022555223,0.002922633
393,0.038806009,0.003710734,0.018460798,0.002365042
394,0.059188589,0.005957376,0.028782329,0.003972694
395,0.067873978,0.005965516,0.034065194,0.003374403
396,0.048403078,0.004663115,0.024940245,0.003105783
397,0.065830836,0.005566656,0.031041181,0.003337773
398,0.09042994,0.007642358,0.044655345,0.004204684
399,0.09988863,0.008651719,0.05032893,0.004758205
400,0.107625708,0.009107559,0.054240204,0.004888445
401,0.112196322,0.0095634,0.057109557,0.005401265
402,0.115598846,0.01015762,0.058957339,0.005523366
403,0.115989566,0.01005994,0.059490509,0.005474525
404,0.118203648,0.01014134,0.060569061,0.005873386
405,0.11962815,0.010532061,0.061887742,0.005922226
406,0.116539017,0.01010878,0.06043068,0.005889666
407,0.124113294,0.010564621,0.064289044,0.005881526
408,0.138496688,0.012103082,0.072103452,0.006646687
409,0.130922411,0.011488511,0.07039405,0.006353646
410,0.12979502,0.011639102,0.067528768,0.006361786
411,0.150568321,0.013161283,0.079437599,0.007403707
412,0.147466977,0.012746143,0.079319569,0.007476967
413,0.14965664,0.012990343,0.07974692,0.007460687
414,0.154027824,0.013739224,0.083759944,0.007794428
415,0.154048174,0.013527584,0.083324453,0.007367077
416,0.162810893,0.014691605,0.089368409,0.008209568
417,0.158626929,0.014243904,0.086576387,0.007949088
418,0.161337551,0.014846265,0.088770119,0.008209568
419,0.165155215,0.014952085,0.091289451,0.008632849
420,0.174190624,0.015937026,0.095107115,0.008974729
421,0.178956599,0.016091686,0.100919081,0.009284049
422,0.170804381,0.016034706,0.095921116,0.009145669
423,0.179473489,0.016726607,0.100723721,0.009324749
424,0.182045732,0.016702187,0.103080253,0.00968698
425,0.182184112,0.016970807,0.103214563,0.00982129
426,0.178765309,0.017166167,0.103165723,0.00978059
427,0.181101491,0.017044067,0.103694824,0.00982129
428,0.182863803,0.017202797,0.107072927,0.01001665
429,0.162249232,0.015627706,0.096417656,0.008950309
430,0.150820661,0.014797425,0.086625227,0.008502609
431,0.195891886,0.019022089,0.113800644,0.010956821
432,0.207141377,0.02030007,0.122897103,0.011595812
433,0.200881711,0.01983609,0.120992341,0.011481851
434,0.20970141,0.02027972,0.123165723,0.012019092
435,0.228712399,0.022497872,0.137076997,0.013061013
436,0.236494246,0.023564214,0.143312243,0.013386613
437,0.226832057,0.023100233,0.13977134,0.013276723
438,0.216494246,0.022074592,0.13028823,0.012556333
439,0.238073408,0.024150294,0.145599586,0.013891294
440,0.23983572,0.024553225,0.146596737,0.014180264
441,0.258228068,0.027088837,0.1601295,0.016455396
442,0.267434417,0.027634218,0.166755467,0.015918156
443,0.267967588,0.027630148,0.167341547,0.016023976
444,0.276241906,0.028554039,0.173316313,0.016390276
445,0.260718911,0.027219077,0.165021645,0.015975136
446,0.277601288,0.028944759,0.173869834,0.016772857
447,0.295733156,0.030633811,0.187903208,0.018246198
448,0.296982647,0.031004181,0.189368409,0.018270618
449,0.303185333,0.032355422,0.193243053,0.018913679
450,0.32044622,0.033307803,0.207463647,0.01972361
451,0.313978984,0.033617124,0.204378584,0.01998816
452,0.295525586,0.031810042,0.192941873,0.018978799
453,0.304695305,0.032514153,0.197561328,0.019137529
454,0.30973804,0.033584564,0.203198283,0.01998816
455,0.316494246,0.034252044,0.206438006,0.0203626
456,0.330902061,0.035888186,0.219071299,0.021103341
457,0.327039627,0.036274836,0.218318348,0.021298701
458,0.316087246,0.034911385,0.21026381,0.020631221
459,0.324406334,0.035823066,0.217247937,0.021249861
460,0.333926074,0.036836497,0.224435564,0.021835942
461,0.346148296,0.038338328,0.234000074,0.022812743
462,0.356998927,0.03977911,0.241602842,0.023708144
463,0.352766123,0.039095349,0.240662671,0.023044733
464,0.348207718,0.038777889,0.237247937,0.023415103
465,0.361337551,0.04048729,0.246128686,0.024334924
466,0.357316387,0.03986865,0.245273985,0.024351204
467,0.366465756,0.041317571,0.250821401,0.024741925
468,0.374467384,0.042082732,0.257956118,0.025124505
469,0.383787694,0.043124653,0.266877567,0.026426906
470,0.372082362,0.041842602,0.256987457,0.025718726
471,0.403714434,0.046120176,0.279299219,0.027428127
472,0.413539424,0.047251637,0.292567433,0.028177008
473,0.421134051,0.047902838,0.295050135,0.029072409
474,0.445220335,0.050939061,0.313641914,0.030993451
475,0.445554076,0.050963481,0.315172235,0.031156251
476,0.462078292,0.052778703,0.325111185,0.032002812
477,0.487430347,0.056396936,0.346792097,0.034229104
478,0.506661117,0.058541829,0.361619122,0.035576276
479,0.532416102,0.061822252,0.381920302,0.037163577
480,0.547703038,0.063775854,0.393544234,0.038750879
481,0.583742924,0.068167388,0.42039405,0.041213231
482,0.585261035,0.069131979,0.426527547,0.041958042
483,0.597869908,0.070670441,0.437272357,0.043162763
484,0.612241092,0.072135642,0.448477078,0.044754135
485,0.579294409,0.069311059,0.435326895,0.043056943
486,0.577666408,0.068407518,0.416954897,0.041844082
487,0.646009916,0.077817368,0.476678137,0.047826988
488,0.681239871,0.083088023,0.510687091,0.050834721
489,0.728826359,0.088529619,0.541448181,0.054062234
490,0.759497909,0.093031043,0.575937396,0.057814778
491,0.751089281,0.092925223,0.571973212,0.057407777
492,0.78000666,0.096409146,0.585400155,0.059052059
493,0.79027528,0.098533689,0.603043623,0.060851001
494,0.827182077,0.103694454,0.634545455,0.064627965
495,0.836734377,0.105994006,0.646035076,0.065987346
496,0.852782403,0.108391238,0.65974692,0.067949088
497,0.854687165,0.10971806,0.669197469,0.068600289
498,0.845114515,0.108659859,0.657801458,0.067656048
499,0.86028749,0.112355422,0.676303696,0.07004107
500,0.842257372,0.1100111,0.666706627,0.069202649
501,0.828012358,0.108895919,0.654390794,0.067493247
502,0.858268768,0.113315943,0.67977134,0.071245791
503,0.857625708,0.114394494,0.688342768,0.071665002
504,0.857096607,0.114211344,0.682359862,0.071953972
505,0.88953454,0.12012913,0.714211714,0.075503016
506,0.884683095,0.121008251,0.719038739,0.076699597
507,0.8701776,0.11969364,0.70964924,0.075840826
508,0.883909794,0.122261812,0.716409516,0.077269397
509,0.892644023,0.124418914,0.737907278,0.079092759
510,0.884402264,0.123295593,0.726938617,0.078893329
511,0.898211788,0.127414437,0.744215784,0.081559182
512,0.887751878,0.126779517,0.73952714,0.081013801
513,0.867002997,0.124573575,0.726421726,0.0799149
514,0.856245976,0.123014763,0.714508825,0.079454989
515,0.876803567,0.127349317,0.736718837,0.081770822
516,0.806278536,0.117866208,0.690695231,0.076569357
517,0.796583787,0.115578866,0.669173049,0.074640175
518,0.811581752,0.118753469,0.684716395,0.076744367
519,0.857291967,0.127829578,0.727357827,0.081624302
520,0.872521923,0.131630962,0.749295149,0.084847745
521,0.886254116,0.134878825,0.764158804,0.087045547
522,0.871923632,0.132636253,0.75955156,0.086573427
523,0.886791357,0.135513746,0.764964665,0.088290968
524,0.902525993,0.139225589,0.79044289,0.090912051
525,0.886539017,0.138786029,0.783125023,0.090619011
526,0.827088467,0.129046509,0.734484404,0.084107004
527,0.841671292,0.132037962,0.735123395,0.085441965
528,0.892570763,0.141748992,0.78966959,0.092369112
529,0.889241499,0.143165353,0.795742036,0.093435453
530,0.898993229,0.145403855,0.806527547,0.095527436
531,0.89045843,0.146018426,0.806816517,0.095938506
532,0.855802346,0.139453509,0.775375735,0.092019092
533,0.855826766,0.14019425,0.774708255,0.092881933
534,0.875167425,0.144760795,0.793812854,0.095152995
535,0.890653791,0.148387168,0.814423354,0.098929959
536,0.87029156,0.145648056,0.802685463,0.096943797
537,0.862688793,0.145184075,0.792616273,0.096422836
538,0.857796648,0.146486476,0.797133977,0.097057757
539,0.832582973,0.141928072,0.776010656,0.094717505
540,0.816290746,0.138932549,0.758428238,0.092800533
541,0.828329818,0.142416472,0.772160432,0.094811115
542,0.831471861,0.143849114,0.781985422,0.097171717
543,0.828236208,0.143735154,0.776963037,0.096231546
544,0.830788101,0.146234136,0.786779887,0.097651978
545,0.818968809,0.144557295,0.7796004,0.097253117
546,0.816526807,0.145525956,0.781895882,0.097627558
547,0.802338772,0.144060754,0.77032893,0.096894957
548,0.804927295,0.145407925,0.775448995,0.097940948
549,0.798936249,0.144948015,0.772217412,0.097415917
550,0.793734784,0.144313094,0.77003589,0.097700818
551,0.78967292,0.144671255,0.768823029,0.098189218
552,0.778187368,0.143478743,0.761615052,0.096866467
553,0.769274059,0.141504792,0.754341954,0.096732157
554,0.773075443,0.143922374,0.761244681,0.098311318
555,0.764504015,0.143556074,0.758908499,0.098164798
556,0.745228475,0.140682651,0.741708662,0.095966996
557,0.738541459,0.138851149,0.734472194,0.095010545
558,0.720954971,0.137280127,0.722335442,0.093809894
559,0.714394124,0.135660266,0.714708255,0.093101713
560,0.723136493,0.138875569,0.726096126,0.095006475
561,0.714634255,0.137459207,0.722213342,0.094522145
562,0.70957524,0.137516188,0.716653717,0.094436674
563,0.702770193,0.137076627,0.714284974,0.094591335
564,0.70017353,0.137312687,0.714423354,0.094811115
565,0.680507271,0.133405483,0.696653717,0.092067932
566,0.678529249,0.132843823,0.692445332,0.092446442
567,0.680832871,0.134878825,0.700805121,0.093533134
568,0.668346098,0.132599623,0.689433529,0.092133052
569,0.663193473,0.132298442,0.687561328,0.092385392
570,0.646823917,0.1300111,0.671273171,0.089487549
571,0.650702631,0.12999889,0.671492951,0.091506272
572,0.66001073,0.133576424,0.686283346,0.093516854
573,0.658871129,0.133405483,0.687772968,0.093427313
574,0.649371739,0.132379842,0.67993414,0.092287712
575,0.636420986,0.129343619,0.667634588,0.091376031
576,0.638443778,0.131110001,0.672042402,0.092092352
577,0.635102305,0.130296,0.670776631,0.091937692
578,0.622428312,0.128366818,0.656613017,0.091074851
579,0.627922818,0.1299704,0.663857624,0.091603952
580,0.627165797,0.130914641,0.668049728,0.092808673
581,0.630861361,0.132697303,0.670906871,0.093240093
582,0.632855663,0.132965923,0.678672439,0.094102934
583,0.630991601,0.133486883,0.67986088,0.094428534
584,0.625407555,0.132705443,0.677256077,0.094241314
585,0.609192659,0.12966108,0.65956784,0.092002812
586,0.605440115,0.129131979,0.655998446,0.091249861
587,0.602078292,0.129400599,0.658517779,0.092401672
588,0.564504015,0.121830392,0.622734303,0.087183927
589,0.541907352,0.115643986,0.587146187,0.082039442
590,0.560547971,0.120983831,0.612111592,0.086215266
591,0.559066489,0.121219891,0.615510046,0.086317016
592,0.566465756,0.122237392,0.6202516,0.087867688
593,0.558309468,0.121903652,0.616857217,0.086988567
594,0.548093758,0.12004773,0.605713546,0.086085026
595,0.542819033,0.118452288,0.601570282,0.085165205
596,0.543983054,0.11973027,0.604280904,0.086247826
597,0.534768565,0.117471417,0.596413586,0.084656455
598,0.531781182,0.116669627,0.591965072,0.083944204
599,0.527898398,0.116685907,0.589124209,0.084033744
600,0.519042069,0.114870685,0.581293521,0.082975543
601,0.51048692,0.113397343,0.572705813,0.081754542
602,0.505098235,0.112489732,0.567146187,0.080871351
603,0.51037296,0.113608984,0.572722093,0.082267362
604,0.509355459,0.114186924,0.575245495,0.081884782
605,0.501858512,0.113014763,0.568570689,0.081404521
606,0.50021423,0.112111222,0.564810005,0.081477781
607,0.489331039,0.11019018,0.555807156,0.08030562
608,0.482802753,0.109302919,0.547280497,0.078527029
609,0.476844267,0.107943538,0.543637844,0.078238058
610,0.47011248,0.106803937,0.534211714,0.077464757
611,0.468826359,0.107284197,0.536385096,0.077424057
612,0.462713213,0.105379435,0.530849891,0.077220557
613,0.452033522,0.103938654,0.520536501,0.074876235
614,0.452021312,0.103869464,0.51994228,0.075804196
615,0.442159692,0.102310652,0.511818552,0.074526215
616,0.43044622,0.09999075,0.497972398,0.072873793
617,0.434353424,0.10041403,0.502131942,0.073435453
618,0.435338365,0.101073371,0.504907685,0.073476153
619,0.434280164,0.10032449,0.502498242,0.074005254
620,0.431862582,0.100499501,0.503764014,0.073606394
621,0.422167832,0.098981389,0.493772154,0.072621453
622,0.416681467,0.097744108,0.487064787,0.071156251
623,0.41031598,0.096718467,0.481008621,0.070684131
624,0.402688793,0.095220705,0.471297591,0.06983757
625,0.395094165,0.093161283,0.464134384,0.068640989
626,0.398993229,0.094333444,0.47006031,0.06972361
627,0.386941947,0.091744922,0.456999667,0.067794428
628,0.383950494,0.091297221,0.44968587,0.067053687
629,0.37954675,0.09008436,0.446405446,0.066361786
630,0.377975728,0.0904181,0.446438006,0.066630407
631,0.374695305,0.089368039,0.442701743,0.065865246
632,0.378985089,0.09043438,0.445990306,0.066524587
633,0.377788508,0.0904181,0.447227587,0.066825767
634,0.376526807,0.0902553,0.445754246,0.066695527
635,0.373726644,0.09042624,0.443947164,0.066996707
636,0.371585822,0.089254079,0.440748141,0.065881526
637,0.373409183,0.090556481,0.445322825,0.067200207
638,0.369420579,0.089311059,0.441399341,0.066426906
639,0.363893514,0.088464498,0.435448995,0.065132645
640,0.35977467,0.087390017,0.42974285,0.065295445
641,0.356734377,0.087068487,0.428061938,0.064815185
642,0.356062826,0.087300477,0.426551967,0.064611685
643,0.353295223,0.085973656,0.424004144,0.064717505
644,0.352261442,0.085778296,0.423002923,0.064310504
645,0.344878455,0.084134014,0.413877974,0.063162763
646,0.34027121,0.083352573,0.407024087,0.062324342
647,0.335224405,0.082082732,0.401635402,0.061754542
648,0.327992008,0.08019425,0.395619936,0.061152181
649,0.322477152,0.07970585,0.388847449,0.059418359
650,0.326766937,0.080975691,0.392656973,0.061127761
651,0.322835313,0.07981167,0.39038591,0.0602405
652,0.324349354,0.080707071,0.391118511,0.060606801
653,0.321606172,0.08047101,0.388969549,0.06002072
654,0.313140563,0.078354608,0.38038184,0.058759019
655,0.285627336,0.072046102,0.350727791,0.054176194
656,0.274890665,0.068008658,0.328794539,0.051603952
657,0.289314759,0.071997262,0.345534466,0.054583195
658,0.301109631,0.075717246,0.363955304,0.057318237
659,0.302436452,0.076132386,0.367243867,0.057529878
660,0.304772635,0.076669627,0.369474229,0.057879898
661,0.304821475,0.076677767,0.36978355,0.058376438
662,0.29987235,0.075546306,0.365526326,0.057594998
663,0.294996485,0.074773005,0.361383061,0.056854257
664,0.292416102,0.074203204,0.357638658,0.056276316
665,0.292937063,0.074247974,0.357732268,0.056317016
666,0.291064861,0.074219484,0.355774596,0.056683317
667,0.284406334,0.072575203,0.34962889,0.055201835
668,0.284976135,0.073201983,0.349498649,0.055739076
669,0.28004329,0.071517002,0.344028564,0.054721575
670,0.275541866,0.070507641,0.33960854,0.054371554
671,0.271781182,0.069359899,0.333658194,0.053264513
672,0.268753099,0.068765679,0.329482369,0.052784253
673,0.265643616,0.068391238,0.326543827,0.052230732
674,0.262656233,0.067605728,0.322713953,0.051713842
675,0.259229289,0.067276057,0.31999112,0.051449291
676,0.258919969,0.067121397,0.319055019,0.051262071
677,0.257959448,0.067145817,0.316800237,0.051392311
678,0.255037185,0.066315536,0.315286195,0.051188811
679,0.251040441,0.065542236,0.31047545,0.05008991
680,0.25038924,0.065208495,0.308692789,0.05033411
681,0.249200799,0.064711955,0.306063566,0.04984571
682,0.244617975,0.063718874,0.301309801,0.048868909
683,0.241288711,0.062815333,0.298729419,0.048290968
684,0.236941947,0.061671662,0.291309801,0.047867688
685,0.235704666,0.061455951,0.290833611,0.047761868
686,0.211455581,0.055994006,0.266568247,0.043659304
687,0.183242313,0.047992378,0.222294742,0.036626337
688,0.187906538,0.049498279,0.228920709,0.038392718
689,0.191528842,0.0500518,0.234211714,0.038897399
690,0.197918748,0.052339142,0.242384282,0.040525401
691,0.200539831,0.053446183,0.246486846,0.041095201
692,0.204878455,0.054642765,0.251785992,0.042356902
693,0.201858512,0.054186924,0.24983239,0.041958042
694,0.200906131,0.053185703,0.247276427,0.041469641
695,0.201435231,0.053788064,0.247032227,0.041616162
696,0.202814963,0.053979354,0.248660229,0.042434232
697,0.204984275,0.054838125,0.253682614,0.042845303
698,0.200751471,0.053625264,0.247903208,0.041713842
699,0.197698968,0.052794983,0.242547083,0.041290561
700,0.194117364,0.051956562,0.237980538,0.0403626
701,0.191764902,0.050987901,0.235188515,0.03989862
702,0.18999038,0.050808821,0.232258112,0.03993932
703,0.18988456,0.051191401,0.232860473,0.03990676
704,0.190706701,0.051166981,0.233243053,0.04019166
705,0.18999038,0.051248381,0.232526733,0.04041958
706,0.18954268,0.050857661,0.230858031,0.04006142
707,0.188427498,0.051028601,0.231297591,0.0400777
708,0.186066896,0.04962038,0.226332186,0.039450919
709,0.183608614,0.049481999,0.223678544,0.039353239
710,0.182745773,0.049457579,0.223157583,0.039247419
711,0.18028749,0.048814519,0.219270729,0.038343878
712,0.178675769,0.048228438,0.217329337,0.038343878
713,0.176184926,0.047512118,0.213511674,0.037684538
714,0.172448662,0.047105117,0.21021497,0.037399637
715,0.170690421,0.046380656,0.207105487,0.036854257
716,0.160808451,0.043840974,0.196100196,0.035087875
717,0.145765716,0.03989307,0.177256077,0.031612092
718,0.134947645,0.036921967,0.163051763,0.029389869
719,0.12964036,0.035424205,0.154936175,0.028290968
720,0.131317201,0.035839346,0.156507197,0.028779369
721,0.142835313,0.039315129,0.172225552,0.031669072
722,0.145383135,0.04012099,0.176311836,0.032483072
723,0.137707108,0.037801088,0.166348466,0.03021201
724,0.133775484,0.036620787,0.15969808,0.02952825
725,0.132318422,0.036392866,0.158379398,0.029039849
726,0.131357901,0.036238206,0.157361897,0.029332889
727,0.12983572,0.035114885,0.154993155,0.028860769
728,0.128744959,0.035359085,0.153641914,0.028567729
729,0.126506457,0.035057905,0.151647612,0.028185148
730,0.127092537,0.035464905,0.152323232,0.028722389
731,0.128118178,0.035749806,0.153202353,0.029072409
732,0.131129981,0.036726607,0.157329337,0.02963814
733,0.132603323,0.036816147,0.159421319,0.03016317
734,0.133710364,0.037312687,0.161155141,0.03027713
735,0.131618382,0.036775447,0.158493358,0.03048877
736,0.130511341,0.036360306,0.156238576,0.03005735
737,0.12954268,0.036067266,0.155261775,0.029422429
738,0.127222777,0.035725386,0.151598772,0.029096829
739,0.125472675,0.035627706,0.150678951,0.029129389
740,0.123177193,0.035123025,0.149319569,0.029381729
741,0.122379472,0.034773005,0.147650868,0.028567729
742,0.121223591,0.034504385,0.146014726,0.028299108
743,0.121532912,0.034569505,0.146144966,0.028347948
744,0.12020609,0.034374144,0.144565805,0.028014208
745,0.118504829,0.033836904,0.142506383,0.028290968
746,0.117422207,0.033519444,0.141871462,0.027770008
747,0.115761646,0.033405483,0.140617901,0.027590928
748,0.114972065,0.032754283,0.138273578,0.027346727
749,0.112863803,0.032567063,0.135489695,0.026679247
750,0.110910201,0.031964702,0.133006993,0.026532727
751,0.109217079,0.031256521,0.131802272,0.026044326
752,0.107841418,0.031305361,0.129319569,0.026182706
753,0.106726237,0.030841381,0.128342768,0.026019906
754,0.106148296,0.030646021,0.126079846,0.025474525
755,0.103771414,0.02965294,0.124126244,0.025157065
756,0.103429533,0.02978318,0.122522663,0.024986125
757,0.101199171,0.02953898,0.12024346,0.024603545
758,0.098285048,0.028374958,0.117158397,0.024139564
759,0.075484885,0.021635032,0.091313871,0.018547379
760,0.042151552,0.011468161,0.045884486,0.009422429
761,0.038618789,0.00992156,0.038900359,0.008697969
762,0.042648093,0.011663522,0.047455507,0.01044807
763,0.042639953,0.011842602,0.046258926,0.01025271
764,0.047475117,0.012925223,0.051818552,0.011522552
765,0.056974507,0.016205646,0.063361083,0.013850594
766,0.066506457,0.019079069,0.075318755,0.016683317
767,0.076258186,0.021993192,0.087178747,0.019190439
768,0.081296851,0.023816554,0.093820994,0.020541681
769,0.083812114,0.024418914,0.096466496,0.020680061
770,0.084984275,0.024158434,0.097304917,0.021249861
771,0.084031894,0.024467754,0.096425796,0.020948681
772,0.083746994,0.024386354,0.095497835,0.020932401
773,0.082941133,0.024231694,0.094675695,0.021119621
774,0.081630592,0.023718874,0.093650054,0.020688201
775,0.080938691,0.023499093,0.092192992,0.020761461
776,0.07997817,0.023238613,0.091582492,0.020810301
777,0.078700189,0.022937433,0.08958005,0.02034632
778,0.077633848,0.022685093,0.087553188,0.01992304
779,0.076591927,0.022571133,0.086788027,0.01980094
780,0.075077885,0.021936212,0.085803086,0.019410219
781,0.074361564,0.021944352,0.084305324,0.019003219
782,0.074035964,0.021700152,0.082986643,0.019068339
783,0.072692863,0.021797832,0.081708662,0.019166019
784,0.070902061,0.021000111,0.080617901,0.018653199
785,0.070893921,0.020886151,0.0796004,0.018539239
786,0.06972176,0.020796611,0.077899138,0.018075258
787,0.068126318,0.01980353,0.076126651,0.017660118
788,0.066465756,0.01959189,0.074032634,0.017472897
789,0.065098235,0.019209309,0.072656973,0.016715877
790,0.064194694,0.018997669,0.071167351,0.016504237
791,0.062444592,0.018484848,0.069189329,0.016398416
792,0.061589892,0.018191808,0.068416028,0.016357716
793,0.061036371,0.017809228,0.067300847,0.016325156
794,0.060661931,0.018102268,0.066454286,0.016357716
795,0.05997003,0.017687128,0.066315906,0.015934436
796,0.05973397,0.017133607,0.065640286,0.015592556
797,0.05960373,0.017426647,0.065330965,0.015730936
798,0.05963629,0.017410367,0.065330965,0.015478595
799,0.058936249,0.017337107,0.064728605,0.015804196
800,0.057479187,0.016775447,0.063475043,0.015242535
801,0.057332667,0.016759167,0.063002923,0.015283235
802,0.057381507,0.016832427,0.062880823,0.015096015
803,0.056469826,0.016864987,0.062880823,0.015437895
804,0.056144226,0.016848707,0.062294742,0.015209975
805,0.056779147,0.016848707,0.062481962,0.015584416
806,0.056396566,0.017206867,0.063238983,0.015356495
807,0.056062826,0.016787657,0.062665113,0.015096015
808,0.054695305,0.016677767,0.061716802,0.014859955
809,0.053580124,0.015977726,0.06003996,0.014338994
810,0.052880083,0.015969586,0.05993414,0.015030895
811,0.051414881,0.015643986,0.058501499,0.013899434
812,0.050649721,0.015139305,0.056987457,0.013899434
813,0.048362378,0.014496244,0.054382654,0.013207533
814,0.046294816,0.014105524,0.051859252,0.012987753
815,0.044349354,0.013063603,0.05009287,0.012149332
816,0.041948052,0.012843823,0.046869427,0.011433011
817,0.041475931,0.012729863,0.046901987,0.011416731
818,0.04045029,0.012103082,0.045103045,0.011066711
819,0.040629371,0.011948422,0.045567026,0.011091131
820,0.041648907,0.012886558,0.046853147,0.011280386
821,0.042835313,0.012990343,0.048855589,0.011416731
822,0.04014911,0.012314722,0.045029785,0.010822511
823,0.037096607,0.011166981,0.040870241,0.00991897
824,0.038911829,0.012151922,0.044541385,0.010716691
825,0.04041773,0.012477522,0.046576387,0.011058571
826,0.040556111,0.012803123,0.046649647,0.010952751
827,0.04003515,0.012184482,0.045444925,0.010741111
828,0.038211788,0.012029822,0.043621564,0.01037481
829,0.037650128,0.011687942,0.043116883,0.01032597
830,0.037267547,0.011769342,0.042799423,0.010545751
831,0.037247197,0.011427461,0.043141303,0.01037074
832,0.036445406,0.011223961,0.042050542,0.01017131
833,0.035672106,0.011280941,0.041163281,0.01003293
834,0.036347726,0.011297221,0.041724942,0.00999223
835,0.036616347,0.011476301,0.042359862,0.01029341
836,0.036722167,0.011541422,0.042107522,0.01006549
837,0.036738447,0.011289081,0.041814482,0.01017131
838,0.036657047,0.011411181,0.041643542,0.01045621
839,0.035631406,0.011077441,0.041326081,0.01003293
840,0.035631406,0.010727421,0.040976061,0.01013875
841,0.035086025,0.011067266,0.03997891,0.009668665
842,0.034849965,0.010646021,0.03973064,0.00980501
843,0.034092944,0.010646021,0.039030599,0.009381729
844,0.033832464,0.01039368,0.037988678,0.009121249
845,0.033205683,0.0102146,0.037597958,0.009446849
846,0.033270803,0.0100925,0.037199097,0.009365449
847,0.032196322,0.00978318,0.036328116,0.009202649
848,0.032798683,0.00986458,0.036849077,0.009129389
849,0.031410811,0.00959596,0.03500333,0.008630814
850,0.03042994,0.009180819,0.033365153,0.008657269
851,0.0303404,0.009400599,0.034073334,0.008730529
852,0.03019388,0.009180819,0.033593074,0.008649129
853,0.02990898,0.009091279,0.032795353,0.008616569
854,0.026775077,0.008147038,0.029107929,0.007696748
855,0.026954157,0.008090058,0.029083509,0.007786288
856,0.027479187,0.008564214,0.030326895,0.008148518
857,0.028598439,0.008627299,0.031110371,0.008380508
858,0.028614719,0.008529619,0.030768491,0.008136308
859,0.028093758,0.008757539,0.03009287,0.008266548
860,0.027499537,0.008366818,0.029343989,0.008242128
861,0.027523958,0.008374958,0.028725349,0.007965368
862,0.027589078,0.007853998,0.029042809,0.007745588
863,0.026667222,0.008210123,0.028440448,0.007641803
864,0.026685537,0.007951678,0.027756688,0.007729308
865,0.025456395,0.007723758,0.026291486,0.007517668
866,0.024097014,0.006779517,0.024199504,0.006996707
867,0.023641174,0.007243497,0.023841344,0.006719947
868,0.024153994,0.007276057,0.024907685,0.007273467
869,0.024088874,0.007235357,0.025013505,0.007363007
870,0.024451104,0.007190587,0.024521035,0.007177822
871,0.023795834,0.007121397,0.024061124,0.007037407
872,0.024406334,0.007235357,0.024101824,0.007037407
873,0.023860954,0.007015577,0.023352943,0.006923447
874,0.023087653,0.006852777,0.023475043,0.006947867
875,0.022664373,0.007023717,0.022465682,0.007078107
876,0.022558553,0.006824287,0.022024087,0.006726052
877,0.021736412,0.006470196,0.021472601,0.006337366
878,0.022151552,0.006787657,0.021309801,0.006557147
879,0.021980612,0.006453916,0.021578422,0.006931587
880,0.022102712,0.006665557,0.021212121,0.006654827
881,0.021954157,0.006635032,0.020680986,0.006500167
882,0.021899212,0.006543457,0.02034928,0.006671107
883,0.021948052,0.006388796,0.020813261,0.006418766
884,0.021736412,0.006470196,0.0200481,0.006581567
885,0.021752692,0.006551597,0.0200074,0.006467606
886,0.021443371,0.006282976,0.01957598,0.006492026
887,0.021178821,0.006476301,0.019160839,0.006420801
888,0.021028231,0.006095756,0.019014319,0.006386206
889,0.020832871,0.006038776,0.018957339,0.006280386
890,0.020564251,0.005998076,0.018542199,0.006166426
891,0.020914271,0.005941096,0.018265438,0.005971066
892,0.02026307,0.005719281,0.017469752,0.006097236
893,0.01980723,0.005696896,0.017549118,0.005979206
894,0.019099049,0.005867836,0.016694417,0.005938506
895,0.017365227,0.005208495,0.015880416,0.005653606
896,0.016624487,0.005004995,0.014781515,0.005450105
897,0.015244755,0.004707237,0.013861694,0.00524864
898,0.014784845,0.004451474,0.012941873,0.004977985
899,0.013254523,0.004020054,0.011899952,0.004522145
900,0.013458023,0.004158434,0.011973212,0.004549895
901,0.013433603,0.003849114,0.011875532,0.004619825
902,0.013120213,0.004083139,0.011663892,0.00454046
903,0.013637104,0.004695675,0.012469752,0.004676805
904,0.014638325,0.004451474,0.013210493,0.005083805
905,0.014882525,0.004581715,0.013194213,0.005124505
906,0.014420579,0.004437229,0.012567433,0.004973915
907,0.013278943,0.003922374,0.011452251,0.004579125
908,0.012709143,0.003653754,0.010817331,0.004367484
909,0.012334702,0.003588634,0.010540571,0.004351204
910,0.011895142,0.003889814,0.01041847,0.004400044
911,0.011618382,0.003753469,0.010351315,0.004216894
912,0.012090502,0.003849114,0.01046731,0.004310504
913,0.011634662,0.003482813,0.00954749,0.004391904
914,0.010820661,0.003425833,0.00991379,0.004090724
915,0.011081141,0.003747364,0.009728605,0.004143634
916,0.011113701,0.003222333,0.00959633,0.004334924
917,0.010910201,0.003328153,0.009303289,0.003960484
918,0.01040552,0.003246753,0.008896289,0.004090724
919,0.011093351,0.003350538,0.009533245,0.004082584
920,0.011260221,0.003499093,0.01010101,0.004245384
921,0.011219521,0.003702594,0.00956377,0.004448884
922,0.010747401,0.003442113,0.009173049,0.004224294
923,0.010781996,0.003265068,0.009136419,0.003911644
924,0.010259,0.003588634,0.008774189,0.004229104
925,0.01035668,0.003385133,0.008888149,0.003724424
926,0.01019388,0.003254893,0.008717209,0.003895364
927,0.01015318,0.003381063,0.008605284,0.003942169
928,0.009420579,0.002831613,0.007919488,0.003984904
929,0.008655419,0.002978133,0.007154327,0.003577904
930,0.008004218,0.002375772,0.006454286,0.003349983
931,0.006972472,0.002288267,0.005632146,0.003077478
932,0.005757576,0.001744182,0.004736745,0.002763903
933,0.005236615,0.001767122,0.004346024,0.002910423
934,0.00453047,0.001738817,0.003487346,0.002397602
935,0.004609835,0.001600252,0.003645984,0.002373182
936,0.004333074,0.001571762,0.003548304,0.002479002
937,0.004495874,0.001659452,0.003165723,0.002340622
938,0.004280164,0.001375014,0.003367188,0.002501388
939,0.005252895,0.001710142,0.004590225,0.002902283
940,0.005374995,0.002009472,0.004508825,0.002877863
941,0.005122655,0.001893939,0.004258519,0.002550228
942,0.005562216,0.001900692,0.004321604,0.002723203
943,0.005277315,0.001640952,0.003784364,0.002853443
944,0.004862175,0.001748992,0.003743664,0.002560403
945,0.004597625,0.001561772,0.003501499,0.002623488
946,0.004528435,0.001428571,0.003108743,0.002625523
947,0.004634255,0.001700152,0.003244533,0.002454582
948,0.004457209,0.001435509,0.003574759,0.002501388
949,0.004797055,0.001586192,0.003548304,0.002560403
950,0.004479594,0.001661302,0.003133163,0.002535983
