"Traeplanke: Wavelength (nm)","Traeplanke: Intensity (rel)","Sol direkte: Wavelength (nm)","Sol direkte: Intensity (rel)","Blaa himmel: Wavelength (nm)","Blaa himmel: Intensity (rel)"
380,0.00164002664003,380,0.05000999001,380,0.00333832833833
381,0.001521996522,381,0.0502602952603,381,0.0030636030636
382,0.0015577015577,382,0.0496701446701,382,0.00267695267695
383,0.00143661893662,383,0.0504251304251,383,0.00270340770341
384,0.00166555666556,384,0.0553844303844,384,0.0033485033485
385,0.00148980648981,385,0.0598655048655,385,0.00340955340955
386,0.00160478410478,386,0.062513042513,386,0.00363747363747
387,0.00176194176194,387,0.0642814592815,387,0.00360084360084
388,0.00165408665409,388,0.0663775113775,388,0.00381248381248
389,0.00191586191586,389,0.0699428349428,389,0.00444333444333
390,0.00234117734118,390,0.0724255374255,390,0.00458985458985
391,0.00225977725978,391,0.0747088097088,391,0.00484626484626
392,0.00212343212343,392,0.0695093795094,392,0.00424186924187
393,0.00188792688793,393,0.0646884596885,393,0.00352351352351
394,0.00227605727606,394,0.0722261072261,394,0.0047668997669
395,0.0026097976098,395,0.0816563066563,395,0.00553816553817
396,0.00212953712954,396,0.0738907388907,396,0.00423169423169
397,0.00236069486069,397,0.0751687201687,397,0.00504162504163
398,0.00294353794354,398,0.0920714470714,398,0.00688940688941
399,0.00319994819995,399,0.0987259037259,399,0.00767491767492
400,0.00343600843601,400,0.104155289155,400,0.00803307803308
401,0.00353775853776,401,0.105559440559,401,0.00844007844008
402,0.00366022866023,402,0.109405594406,402,0.00889998889999
403,0.00389388389388,403,0.109692529693,403,0.00877178377178
404,0.00383283383283,404,0.112637177637,404,0.00884707884708
405,0.00394475894476,405,0.11406981907,405,0.00905871905872
406,0.00385114885115,406,0.112226107226,406,0.00881451881452
407,0.00394068894069,407,0.117647352647,407,0.00929884929885
408,0.0046040996041,408,0.126373441373,408,0.0101861101861
409,0.00431512931513,409,0.127641247641,409,0.00994394494394
410,0.00423372923373,410,0.122104007104,410,0.00942094942095
411,0.00485643985644,411,0.137574092574,411,0.0107681207681
412,0.00480963480963,412,0.13852036852,412,0.0109146409146
413,0.00486457986458,413,0.139458504459,413,0.010641950642
414,0.00484422984423,414,0.145811780812,414,0.0109634809635
415,0.00484015984016,415,0.146230991231,415,0.0111588411588
416,0.00531228031228,416,0.153646538647,416,0.0116391016391
417,0.00517797017797,417,0.152612757613,417,0.011285011285
418,0.00535908535909,418,0.155901320901,418,0.011519036519
419,0.00536519036519,419,0.160972545973,419,0.0115943315943
420,0.00544659044659,420,0.164586709587,420,0.0120583120583
421,0.00593906093906,421,0.174350649351,421,0.0125446775447
422,0.00589022089022,422,0.173223258223,422,0.0123228623229
423,0.0057844007844,423,0.179576534577,423,0.0124653124653
424,0.00592685092685,424,0.185974580975,424,0.0128255078255
425,0.00605709105709,425,0.18991027491,425,0.0125752025752
426,0.00595534095534,426,0.189657934658,426,0.0126159026159
427,0.00609779109779,427,0.190333555334,427,0.0124571724572
428,0.00616494616495,428,0.193941613942,428,0.0126728826729
429,0.005703000703,429,0.182181337181,429,0.0115699115699
430,0.00543845043845,430,0.167956672957,430,0.0104547304547
431,0.0065922965923,431,0.187714507715,431,0.0130697080697
432,0.00709901209901,432,0.206662411662,432,0.0139223739224
433,0.0068833018833,433,0.205758870759,433,0.0138246938247
434,0.00717227217227,434,0.203294483294,434,0.0136924186924
435,0.00770137270137,435,0.22336977837,435,0.0148014948015
436,0.00804325304325,436,0.233528508529,436,0.0158719058719
437,0.00795981795982,437,0.231902541903,437,0.0153835053835
438,0.00757927257927,438,0.221827246827,438,0.0141462241462
439,0.00819384319384,439,0.234765789766,439,0.0156358456358
440,0.00820401820402,440,0.237513042513,440,0.0155910755911
441,0.00902005402005,441,0.247797942798,441,0.0167347467347
442,0.00950031450031,442,0.259588744589,442,0.0172231472231
443,0.00933954933955,443,0.263355533356,443,0.0174958374958
444,0.00990731490731,444,0.267382802383,444,0.0177725977726
445,0.00936193436193,445,0.260309135309,445,0.0168242868243
446,0.00963462463462,446,0.266837421837,446,0.0175772375772
447,0.0107498057498,447,0.284631479631,447,0.0187778887779
448,0.0105747955748,448,0.289613164613,448,0.0185621785622
449,0.0106928256928,449,0.291957486957,449,0.0190953490953
450,0.0114274614275,450,0.306646131646,450,0.0200843600844
451,0.0112626262626,451,0.304594849595,451,0.0198482998483
452,0.0107945757946,452,0.294114589115,452,0.0188796388796
453,0.0110001110001,453,0.294655899656,453,0.0188084138084
454,0.0113033263033,454,0.302698227698,454,0.0193354793355
455,0.0113521663522,455,0.307024642025,455,0.0192174492174
456,0.0119952269952,456,0.32231971732,456,0.0204588004588
457,0.0122821622822,457,0.321334776335,457,0.0198767898768
458,0.0118202168202,458,0.314126799127,458,0.0194372294372
459,0.0122394272394,459,0.321021386021,459,0.0196773596774
460,0.012562992563,460,0.325522810523,460,0.0199317349317
461,0.0131388981389,461,0.339950974951,461,0.020934990935
462,0.0134400784401,462,0.351810966811,462,0.0212605912606
463,0.0136741036741,463,0.354014874015,463,0.0212382062382
464,0.0132447182447,464,0.354073889074,464,0.020816960817
465,0.013492988493,465,0.363418618419,465,0.0213094313094
466,0.0137412587413,466,0.367985162985,466,0.0211914011914
467,0.0139183039183,467,0.369546009546,467,0.0216167166167
468,0.0144616494616,468,0.380467865468,468,0.0217612017612
469,0.0149419099419,469,0.394354719355,469,0.0224042624043
470,0.0143334443334,470,0.385187035187,470,0.0215434565435
471,0.0153936803937,471,0.407521182521,471,0.0226647426647
472,0.015991970992,472,0.426971731972,472,0.0236049136049
473,0.0163216413216,473,0.430826025826,473,0.0237717837718
474,0.0174531024531,474,0.450779220779,474,0.0247058497058
475,0.017444962445,475,0.456475191475,475,0.0249765049765
476,0.017913012913,476,0.468335183335,476,0.0253794353794
477,0.018845043845,477,0.487867132867,477,0.0266838716839
478,0.0199805749806,478,0.512751137751,478,0.0278662078662
479,0.0208067858068,479,0.533361638362,479,0.0288714988715
480,0.0214783364783,480,0.549010804011,480,0.0298116698117
481,0.0228438228438,481,0.579564324564,481,0.0317937617938
482,0.0232569282569,482,0.587627002627,482,0.0318181818182
483,0.0239203389203,483,0.599486994487,483,0.0324612424612
484,0.024247974248,484,0.609191919192,484,0.0332162282162
485,0.0236313686314,485,0.610105635106,485,0.032099012099
486,0.0226952676953,486,0.583377918378,486,0.0305971805972
487,0.0260733710734,487,0.635758870759,487,0.034252044252
488,0.0279537129537,488,0.674198024198,488,0.0365617715618
489,0.0292398342398,489,0.695506530507,489,0.0382732082732
490,0.0316248566249,490,0.735612350612,490,0.0407803307803
491,0.0312707662708,491,0.73686998187,491,0.0402512302512
492,0.0320135420135,492,0.734130869131,492,0.0406826506827
493,0.0330493580494,493,0.75376049876,493,0.041692011692
494,0.0345471195471,494,0.773797128797,494,0.0434787434787
495,0.0354750804751,495,0.793636363636,495,0.044425019425
496,0.0366228216228,496,0.799104414104,496,0.0449968549969
497,0.0366960816961,497,0.815278610279,497,0.0452817552818
498,0.0363338513339,498,0.808375883376,498,0.044190994191
499,0.0375813075813,499,0.83106005106,499,0.0453835053835
500,0.036980981981,500,0.825828060828,500,0.0443212343212
501,0.036048951049,501,0.813414548415,501,0.0429862729863
502,0.0375874125874,502,0.833605838606,502,0.0442235542236
503,0.0380574980575,503,0.847635142635,503,0.0442784992785
504,0.0378153328153,504,0.832421467421,504,0.0433525733526
505,0.0398421948422,505,0.859950974951,505,0.0456032856033
506,0.0405585155585,506,0.872865097865,506,0.0458922558923
507,0.0401393051393,507,0.865992895993,507,0.0446692196692
508,0.0401352351352,508,0.864798349798,508,0.0450294150294
509,0.0416614866615,509,0.89083009583,509,0.0461283161283
510,0.0407314907315,510,0.876572871573,510,0.0452308802309
511,0.0417347467347,511,0.892645317645,511,0.0464864764865
512,0.0419626669627,512,0.901001036001,512,0.0458596958597
513,0.0411161061161,513,0.882755207755,513,0.0448055648056
514,0.0404506604507,514,0.867500832501,514,0.0436496836497
515,0.0418324268324,515,0.89137954638,515,0.0447974247974
516,0.0395776445776,516,0.864676249676,516,0.0420501720502
517,0.0381327931328,517,0.820508565509,517,0.0403774003774
518,0.0388023088023,518,0.849692529693,518,0.0407070707071
519,0.0413603063603,519,0.877981092981,519,0.0431246531247
520,0.0429842379842,520,0.907256632257,520,0.0444189144189
521,0.043843008843,521,0.917586302586,521,0.0449846449846
522,0.0436802086802,522,0.915687645688,522,0.0445471195471
523,0.0438877788878,523,0.907773522774,523,0.0443415843416
524,0.045584970585,524,0.929035224035,524,0.0456277056277
525,0.0455971805972,525,0.924834979835,525,0.0450253450253
526,0.0423676323676,526,0.890956265956,526,0.0419341769342
527,0.0420766270766,527,0.870756835757,527,0.0417693417693
528,0.0456500906501,528,0.925213490213,528,0.0446102046102
529,0.0464966514967,529,0.937492692493,529,0.044773004773
530,0.0467978317978,530,0.937163022163,530,0.0449113849114
531,0.0476484626485,531,0.943282273282,531,0.0448706848707
532,0.0458128908129,532,0.921623746624,532,0.0431531431531
533,0.0452715802716,533,0.908025863026,533,0.0425711325711
534,0.0467327117327,534,0.928896843897,534,0.0431897731898
535,0.0482223332223,535,0.94033966034,535,0.0442968142968
536,0.0474938024938,536,0.93932012432,536,0.0434217634218
537,0.0466798016798,537,0.924729159729,537,0.0427054427054
538,0.0471193621194,538,0.935559440559,538,0.0423961223961
539,0.0458658008658,539,0.916652236652,539,0.0409451659452
540,0.0447668997669,540,0.899185814186,540,0.03995004995
541,0.0456053206053,541,0.905262330262,541,0.0402308802309
542,0.0465373515374,542,0.922063307063,542,0.0403448403448
543,0.0463908313908,543,0.915461760462,543,0.0404323454323
544,0.0468507418507,544,0.926711251711,544,0.0406582306582
545,0.0466065416065,545,0.920166685167,545,0.0397628297628
546,0.0467734117734,546,0.925880970881,546,0.0399052799053
547,0.0461873311873,547,0.920996965997,547,0.0392215192215
548,0.046519036519,548,0.920571650572,548,0.0390098790099
549,0.0467327117327,549,0.921143486143,549,0.0389366189366
550,0.0464315314315,550,0.916808931809,550,0.0386720686721
551,0.0463745513746,551,0.912502867503,551,0.0383953083953
552,0.0459512709513,552,0.909820734821,552,0.0377522477522
553,0.0454425204425,553,0.898579383579,553,0.0370277870278
554,0.0460082510083,554,0.907447922448,554,0.0373778073778
555,0.045991970992,555,0.910614385614,555,0.0371783771784
556,0.0450518000518,556,0.893756428756,556,0.0359695859696
557,0.0446447996448,557,0.882616827617,557,0.0354933954934
558,0.0438674288674,558,0.877321752322,558,0.0348544048544
559,0.0433505383505,559,0.863951788952,559,0.0342235542236
560,0.0441726791727,560,0.871090576091,560,0.0343741443741
561,0.0443883893884,561,0.870712065712,561,0.0340709290709
562,0.0438226588227,562,0.860471935472,562,0.0336944536945
563,0.0440546490546,563,0.859633514634,563,0.0333281533282
564,0.0441767491767,564,0.85897010397,564,0.0331409331409
565,0.0430697080697,565,0.846019351019,565,0.0319524919525
566,0.0426301476301,566,0.837207792208,566,0.0314763014763
567,0.043085988086,567,0.851139416139,567,0.0320135420135
568,0.0425324675325,568,0.845608280608,568,0.0308820808821
569,0.0420562770563,569,0.834855329855,569,0.030527990528
570,0.0415434565435,570,0.82533966034,570,0.0296895696896
571,0.0413908313908,571,0.819045399045,571,0.0291747141747
572,0.042560957561,572,0.838274133274,572,0.0297668997669
573,0.0426423576424,573,0.838917193917,573,0.0297302697303
574,0.0425202575203,574,0.831615606616,574,0.0292296592297
575,0.0415638065638,575,0.813911088911,575,0.0282894882895
576,0.0419158619159,576,0.814942834943,576,0.0284604284604
577,0.042153957154,577,0.820195175195,577,0.0283423983424
578,0.0411364561365,578,0.811574906575,578,0.0277848077848
579,0.0415719465719,579,0.807993302993,579,0.0279394679395
580,0.0419545269545,580,0.810248085248,580,0.0283016983017
581,0.0422089022089,581,0.802018537019,581,0.0283078033078
582,0.0426627076627,582,0.805592000592,582,0.0288145188145
583,0.0425813075813,583,0.800736485736,583,0.0284889184889
584,0.042735967736,584,0.797818292818,584,0.0286883486883
585,0.0415719465719,585,0.777525252525,585,0.0276016576017
586,0.0411710511711,586,0.767958707959,586,0.02726995227
587,0.0413480963481,587,0.770064935065,587,0.0269708069708
588,0.0396346246346,588,0.741188256188,588,0.025118955119
589,0.0369891219891,589,0.691074296074,589,0.0227420727421
590,0.0386741036741,590,0.70676009176,590,0.0236415436415
591,0.0386008436008,591,0.713856143856,591,0.0236069486069
592,0.0394270544271,592,0.71643042143,592,0.0239060939061
593,0.0389101639102,593,0.712506937507,593,0.0242072742073
594,0.0386171236171,594,0.701745846746,594,0.0232508232508
595,0.0381165131165,595,0.691053946054,595,0.0231205831206
596,0.0387555037555,596,0.698799163799,596,0.0233729233729
597,0.0382772782773,597,0.692165057165,597,0.0230636030636
598,0.0380554630555,598,0.6892997743,598,0.0230758130758
599,0.0382426832427,599,0.6849000999,599,0.0228641728642
600,0.0377054427054,600,0.67956025456,600,0.0229333629334
601,0.0372903022903,601,0.670537055537,601,0.0224978724979
602,0.0364885114885,602,0.659039294039,602,0.0223676323676
603,0.0370949420949,603,0.662856957857,603,0.0223594923595
604,0.0374327524328,604,0.662738927739,604,0.0224368224368
605,0.0370338920339,605,0.654810559811,605,0.0222292522293
606,0.036862951863,606,0.652637177637,606,0.0218914418914
607,0.0367001517002,607,0.647146742147,607,0.021573981574
608,0.036225996226,608,0.636981906982,608,0.0208719058719
609,0.0357477707478,609,0.629491064491,609,0.0208006808007
610,0.0354303104303,610,0.619263144263,610,0.0203814703815
611,0.0355524105524,611,0.619763754764,611,0.0204262404262
612,0.0350965700966,612,0.61126965627,612,0.020177970178
613,0.0345186295186,613,0.597464202464,613,0.0194657194657
614,0.0346020646021,614,0.589265179265,614,0.0196325896326
615,0.0340058090058,615,0.58212028712,615,0.0192459392459
616,0.0331999481999,616,0.567651422651,616,0.0185784585785
617,0.0334563584564,617,0.56306045806,617,0.0186232286232
618,0.033781958782,618,0.566239131239,618,0.0187046287046
619,0.0335418285418,619,0.561485366485,619,0.0186272986273
620,0.0338328338328,620,0.562256632257,620,0.0185764235764
621,0.0334197284197,621,0.553963998964,621,0.0180330780331
622,0.0328662078662,622,0.546353091353,622,0.0176138676139
623,0.0325894475894,623,0.539031154031,623,0.0174307174307
624,0.0322801272801,624,0.53142024642,624,0.0171132571133
625,0.0316004366004,625,0.519702704703,625,0.0165027565028
626,0.0322557072557,626,0.524460539461,626,0.0167550967551
627,0.0312992562993,627,0.515174825175,627,0.01611000111
628,0.0307986457986,628,0.504208199208,628,0.0154079254079
629,0.0306317756318,629,0.502344137344,629,0.0153672253672
630,0.0308678358678,630,0.49934047434,630,0.0154404854405
631,0.0301881451881,631,0.497830502831,631,0.0154364154364
632,0.0306602656603,632,0.49711011211,632,0.0155056055056
633,0.0310672660673,633,0.500337625338,633,0.0154567654568
634,0.0306277056277,634,0.493947718948,634,0.0155361305361
635,0.0305829355829,635,0.493552928553,635,0.0152451252451
636,0.0306236356236,636,0.489385244385,636,0.015468975469
637,0.0310387760388,637,0.491599326599,637,0.0153997853998
638,0.0308027158027,638,0.488367743368,638,0.0154567654568
639,0.0303346653347,639,0.479975394975,639,0.0152898952899
640,0.0302003552004,640,0.474025049025,640,0.015123025123
641,0.0303041403041,641,0.469704739705,641,0.0146753246753
642,0.0298788248788,642,0.468192733193,642,0.0144555444555
643,0.0300172050172,643,0.469605024605,643,0.0145247345247
644,0.0298544048544,644,0.466043771044,644,0.014541014541
645,0.0293253043253,645,0.458957893958,645,0.0142439042439
646,0.0287677137677,646,0.449499204499,646,0.0136334036334
647,0.0283525733526,647,0.442706367706,647,0.0132182632183
648,0.0282406482406,648,0.436035631036,648,0.0129903429903
649,0.0275304325304,649,0.429067784068,649,0.0126525326525
650,0.0278682428682,650,0.429275354275,650,0.0130595330595
651,0.0278926628927,651,0.430056795057,651,0.0127787027787
652,0.0280595330595,652,0.428815443815,652,0.0128275428275
653,0.0281897731898,653,0.427777592778,653,0.012856032856
654,0.027331002331,654,0.419491064491,654,0.0125792725793
655,0.0252675102675,655,0.397232212232,655,0.0117693417693
656,0.0237351537352,656,0.368727938728,656,0.0106399156399
657,0.0247628297628,657,0.377765382765,657,0.011398971399
658,0.0266757316757,658,0.403255818256,658,0.0120542420542
659,0.0267571317571,659,0.404045399045,659,0.0120623820624
660,0.0271030821031,660,0.405901320901,660,0.0120583120583
661,0.027099012099,661,0.40533966034,661,0.012212972213
662,0.0268751618752,662,0.403561068561,662,0.012274022274
663,0.0263094313094,663,0.397553742554,663,0.0119850519851
664,0.0262321012321,664,0.392474377474,664,0.0118914418914
665,0.0264457764458,665,0.394307914308,665,0.0118426018426
666,0.0262036112036,666,0.391082436082,666,0.0118263218263
667,0.0257721907722,667,0.386275761276,667,0.0113501313501
668,0.0256785806786,668,0.386161801162,668,0.0113216413216
669,0.0255524105524,669,0.380659155659,669,0.0110448810449
670,0.0252227402227,670,0.377366522367,670,0.0110693010693
671,0.0247343397343,671,0.372441817442,671,0.0108698708699
672,0.0244128094128,672,0.365852480852,672,0.0106500906501
673,0.0244738594739,673,0.364798349798,673,0.0105646205646
674,0.0240709290709,674,0.36080974581,674,0.0105788655789
675,0.0239447589448,675,0.357981092981,675,0.0103489103489
676,0.0241604691605,676,0.357887482887,676,0.010182040182
677,0.0238552188552,677,0.354737299737,677,0.0102227402227
678,0.0240139490139,678,0.354928589929,678,0.0100192400192
679,0.0233627483627,679,0.348746253746,679,0.010002960003
680,0.0233912383912,680,0.347114182114,680,0.00990527990528
681,0.0232691382691,681,0.345876900877,681,0.00979538979539
682,0.0229028379028,682,0.339950974951,682,0.00964886964887
683,0.0227196877197,683,0.337781662782,683,0.00939652939653
684,0.0225019425019,684,0.330754800755,684,0.00945554445554
685,0.0224266474266,685,0.330003885004,685,0.00918081918082
686,0.0209248159248,686,0.315999000999,686,0.00832204832205
687,0.0174001924002,687,0.26371979872,687,0.00652717652718
688,0.0179740629741,688,0.266332741333,688,0.00684056684057
689,0.0182955932956,689,0.277936322936,689,0.00671032671033
690,0.0188491138491,690,0.28212028712,690,0.00709697709698
691,0.0191991341991,691,0.286861841862,691,0.00715802715803
692,0.0194677544678,692,0.29371979872,692,0.00753653753654
693,0.0194596144596,693,0.288909053909,693,0.0071620971621
694,0.0192032042032,694,0.28608040108,694,0.00721500721501
695,0.0193212343212,695,0.286694971695,695,0.00725163725164
696,0.019425019425,696,0.287964812965,696,0.00728216228216
697,0.0197323047323,697,0.294501239501,697,0.00741850741851
698,0.0193578643579,698,0.290357975358,698,0.00755281755282
699,0.0191177341177,699,0.283658748659,699,0.00706441706442
700,0.0188613238613,700,0.279360824361,700,0.00687312687313
701,0.0187351537352,701,0.275213490213,701,0.0067550967551
702,0.0184136234136,702,0.273284308284,702,0.00674695674696
703,0.0185804935805,703,0.273919228919,703,0.00670218670219
704,0.018608983609,704,0.275156510157,704,0.00686498686499
705,0.0188043438043,705,0.274948939949,705,0.0069585969586
706,0.0185764235764,706,0.27347966848,706,0.00671032671033
707,0.0187555037555,707,0.273919228919,707,0.00684056684057
708,0.0183281533282,708,0.271363266363,708,0.00681614681615
709,0.0185438635439,709,0.268046213046,709,0.00668183668184
710,0.018433973434,710,0.267024642025,710,0.00652310652311
711,0.0183566433566,711,0.26352036852,711,0.00637862137862
712,0.0180636030636,712,0.262649387649,712,0.00650682650683
713,0.0179333629334,713,0.258302623303,713,0.00623820623821
714,0.0174083324083,714,0.25430994931,714,0.00618936618937
715,0.0170705220705,715,0.250895215895,715,0.00616901616902
716,0.0163175713176,716,0.242649387649,716,0.00579864579865
717,0.0146895696896,717,0.217928182928,717,0.00479742479742
718,0.0135743885744,718,0.202494727495,718,0.00419506419506
719,0.0129394679395,719,0.19339012839,719,0.00414622414622
720,0.0132121582122,720,0.194228549229,720,0.00404854404854
721,0.0146325896326,721,0.211395826396,721,0.00472823472823
722,0.0151576201576,722,0.222083657084,722,0.00510267510268
723,0.0140505790506,723,0.20988992489,723,0.00481777481777
724,0.0137575387575,724,0.199727124727,724,0.00445961445961
725,0.013379028379,725,0.198213083213,725,0.00417878417878
726,0.0136720686721,726,0.198933473933,726,0.00424797424797
727,0.0132976282976,727,0.197838642839,727,0.004366004366
728,0.0132569282569,728,0.195990860991,728,0.00431309431309
729,0.0132121582122,729,0.19247030747,729,0.00402005402005
730,0.0132976282976,730,0.195050690051,730,0.0043253043253
731,0.0132162282162,731,0.195168720169,731,0.00411366411366
732,0.0139976689977,732,0.200486180486,732,0.00446164946165
733,0.0140342990343,733,0.203943648944,733,0.00463869463869
734,0.0145633995634,734,0.206931031931,734,0.00471195471195
735,0.0143517593518,735,0.204839049839,735,0.0046102046102
736,0.013956968957,736,0.202083657084,736,0.00468346468346
737,0.0138023088023,737,0.200927775928,737,0.00460206460206
738,0.0139528989529,738,0.198925333925,738,0.00454915454915
739,0.0135988085988,739,0.197004292004,739,0.00441188441188
740,0.0135947385947,740,0.195937950938,740,0.00459392459392
741,0.0137656787657,741,0.194484959485,741,0.00464683464683
742,0.0134685684686,742,0.192433677434,742,0.00441891441891
743,0.0135703185703,743,0.192958707959,743,0.00463462463462
744,0.0137412587413,744,0.190996965997,744,0.00452473452473
745,0.0134563584564,745,0.188587523588,745,0.00434972434972
746,0.013260998261,746,0.187858992859,746,0.00443112443112
747,0.013085988086,747,0.185954230954,747,0.00439042439042
748,0.0132894882895,748,0.18487974988,748,0.00433751433751
749,0.0128132978133,749,0.181127206127,749,0.0041625041625
750,0.0127156177156,750,0.179185814186,750,0.0042032042032
751,0.0126016576017,751,0.176670551671,751,0.003959003959
752,0.0125772375772,752,0.174509379509,752,0.00402005402005
753,0.0125365375365,753,0.172979057979,753,0.00410959410959
754,0.0121905871906,754,0.17072020572,754,0.00394272394272
755,0.0119870869871,755,0.167814222814,755,0.00389388389388
756,0.0119952269952,756,0.166226921227,756,0.00387353387353
757,0.0117591667592,757,0.163202908203,757,0.00377585377585
758,0.0113480963481,758,0.159336404336,758,0.00365782365782
759,0.00923169423169,759,0.136955451955,759,0.00305546305546
760,0.00499074999075,760,0.077158952159,760,0.00180486180486
761,0.00432326932327,761,0.0623685573686,761,0.0014331964332
762,0.00535705035705,762,0.083206978207,762,0.00179117179117
763,0.00525937025937,763,0.0802602952603,763,0.00158212158212
764,0.00575184075184,764,0.0849611499611,764,0.00165982165982
765,0.00697691197691,765,0.100406815407,765,0.00201761201761
766,0.0080229030229,766,0.115461760462,766,0.00254671254671
767,0.0092439042439,767,0.129291634292,767,0.00266881266881
768,0.00982184482184,768,0.138583453583,768,0.0031277981278
769,0.0101555851556,769,0.142405187405,769,0.00321012321012
770,0.010525955526,770,0.143650608651,770,0.00317756317756
771,0.01053002553,771,0.142950567951,771,0.00332001332001
772,0.0103997853998,772,0.143093018093,772,0.00319384319384
773,0.0104282754283,773,0.142356347356,773,0.00323454323454
774,0.0101962851963,774,0.141017316017,774,0.00306767306767
775,0.0101067451067,775,0.139633514634,775,0.00325896325896
776,0.0101067451067,776,0.140077145077,776,0.00304325304325
777,0.00992359492359,777,0.137944462944,777,0.00312872312872
778,0.00980149480149,778,0.135616420616,778,0.00312465312465
779,0.00961427461427,779,0.134000629001,779,0.00301883301883
780,0.009773004773,780,0.133642468642,780,0.00292929292929
781,0.00945147445147,781,0.13155048655,781,0.00288452288452
782,0.00954101454101,782,0.130309135309,782,0.00272172272172
783,0.00918692418692,783,0.129979464979,783,0.00288045288045
784,0.00929274429274,784,0.127256632257,784,0.002738002738
785,0.00915029415029,785,0.126585081585,785,0.00297406297406
786,0.00904854404854,786,0.124383209383,786,0.00268120768121
787,0.0087962037962,787,0.12265956266,787,0.00260572760573
788,0.00863747363747,788,0.11991027491,788,0.00262404262404
789,0.00821012321012,789,0.117248492248,789,0.00250194250194
790,0.00839327339327,790,0.115828060828,790,0.00242461242461
791,0.00820198320198,791,0.114712879713,791,0.00254264254264
792,0.00815721315721,792,0.113333148333,792,0.00252192252192
793,0.00803511303511,793,0.111119066119,793,0.00245717245717
794,0.00820605320605,794,0.110671365671,794,0.00228216228216
795,0.00800255300255,795,0.110036445036,795,0.00243682243682
796,0.00794557294557,796,0.108200873201,796,0.002183002183
797,0.00811651311651,797,0.108017723018,797,0.00244089244089
798,0.00795778295778,798,0.108827653828,798,0.00232841232841
799,0.00785603285603,799,0.107313612314,799,0.00245717245717
800,0.0079008029008,800,0.105132090132,800,0.00218448218448
801,0.00760776260776,801,0.104883819884,801,0.00225737225737
802,0.00788452288452,802,0.105197210197,802,0.00226736226736
803,0.00770951270951,803,0.104944869945,803,0.00215599215599
804,0.00756706256706,804,0.104765789766,804,0.00201058201058
805,0.00760369260369,805,0.104464609465,805,0.0022903022903
806,0.00777463277463,806,0.105364080364,806,0.00221408221408
807,0.00780719280719,807,0.105696803197,807,0.00224053724054
808,0.00758741258741,808,0.103907018907,808,0.00225274725275
809,0.00758334258334,809,0.10115976616,809,0.00221297221297
810,0.00771358271358,810,0.0986485736486,810,0.00203796203796
811,0.00721297221297,811,0.0971915121915,811,0.00200133200133
812,0.00700133200133,812,0.0964507714508,812,0.00188792688793
813,0.00671643171643,813,0.0922545972546,813,0.00196877196877
814,0.00643967143967,814,0.0888398638399,814,0.00172161172161
815,0.00624838124838,815,0.0848878898879,815,0.00179783179783
816,0.00584138084138,816,0.0812370962371,816,0.00156917156917
817,0.00581696081696,817,0.0801504051504,817,0.00163577163577
818,0.00574777074777,818,0.079136974137,818,0.00165131165131
819,0.0058658008658,819,0.0799346949347,819,0.00164428164428
820,0.00595432345432,820,0.0818323343323,820,0.00164113664114
821,0.00626059126059,821,0.0857018907019,821,0.00158878158878
822,0.00571928071928,822,0.0810417360417,822,0.00171236171236
823,0.00535705035705,823,0.0715952565953,823,0.00148851148851
824,0.00573556073556,824,0.0786689236689,824,0.00173419173419
825,0.00603674103674,825,0.0830848780849,825,0.00167166167166
826,0.00608965108965,826,0.0810865060865,826,0.0017205017205
827,0.00593092093092,827,0.0806754356754,827,0.0016058016058
828,0.00565416065416,828,0.0761088911089,828,0.00152218152218
829,0.0054181004181,829,0.0763368113368,829,0.00156991156991
830,0.00563788063788,830,0.0758280608281,830,0.00167536167536
831,0.00557276057276,831,0.0757456432456,831,0.00156648906649
832,0.0054181004181,832,0.0743058793059,832,0.00151755651756
833,0.00549543049543,833,0.074025049025,833,0.00159544159544
834,0.00564602064602,834,0.0742488992489,834,0.00153032153032
835,0.0056623006623,835,0.0750018500019,835,0.00137677137677
836,0.00565009065009,836,0.0748186998187,836,0.00156177156177
837,0.00571114071114,837,0.0753762903763,837,0.00145761645762
838,0.0055809005809,838,0.0750506900507,838,0.00146039146039
839,0.00536926036926,839,0.0736668886669,839,0.00148333148333
840,0.00551985051985,840,0.0735814185814,840,0.00138232138232
841,0.00545066045066,841,0.0730594405594,841,0.00148240648241
842,0.00535298035298,842,0.0725313575314,842,0.00156584156584
843,0.00538961038961,843,0.0713388463388,843,0.00148462648463
844,0.00512506012506,844,0.0699021349021,844,0.00155363155363
845,0.00526344026344,845,0.069548044548,845,0.00159303659304
846,0.00543438043438,846,0.0688154438154,846,0.00174085174085
847,0.00508029008029,847,0.0674682724683,847,0.00150479150479
848,0.00507622007622,848,0.0682904132904,848,0.00146409146409
849,0.00511488511489,849,0.0670063270063,849,0.00133422133422
850,0.00481980981981,850,0.0636017686018,850,0.00146964146964
851,0.00482387982388,851,0.06465996966,851,0.0014627964628
852,0.00474247974248,852,0.0641308691309,852,0.00139083139083
853,0.00477096977097,853,0.063031968032,853,0.00144448144448
854,0.00416046916047,854,0.0576147926148,854,0.00128963628964
855,0.0042377992378,855,0.0573624523625,855,0.00147149147149
856,0.00443722943723,856,0.0606601731602,856,0.00123598623599
857,0.00483608983609,857,0.0617092167092,857,0.00128797128797
858,0.00453897953898,858,0.0613714063714,858,0.00145262145262
859,0.00463258963259,859,0.0609114959115,859,0.00144115144115
860,0.00440873940874,860,0.0599265549266,860,0.00134772634773
861,0.00438431938432,861,0.0590189440189,861,0.00137066637067
862,0.0045633995634,862,0.0591288341288,862,0.00140119140119
863,0.00434565434565,863,0.0587950937951,863,0.0012882950383
864,0.00464072964073,864,0.057972952973,864,0.00135568135568
865,0.00406685906686,865,0.0560356310356,865,0.00149054649055
866,0.00398138898139,866,0.0518313168313,866,0.00121175121175
867,0.00389998889999,867,0.0523034373034,867,0.00116198616199
868,0.00414825914826,868,0.0545053095053,868,0.00139508639509
869,0.0042377992378,869,0.0541308691309,869,0.00140674140674
870,0.00400072150072,870,0.0537157287157,870,0.00124084249084
871,0.00402615902616,871,0.052624967625,871,0.00125319125319
872,0.00412383912384,872,0.0529261479261,872,0.00128408628409
873,0.00405871905872,873,0.053263958264,873,0.00128704628705
874,0.00397731897732,874,0.0524458874459,874,0.00134421134421
875,0.00399766899767,875,0.0517743367743,875,0.00126281126281
876,0.00372294372294,876,0.0505960705961,876,0.00115370740371
877,0.00380230880231,877,0.0501748251748,877,0.00133921633922
878,0.00388370888371,878,0.0516033966034,878,0.00122174122174
879,0.00388370888371,879,0.0518842268842,879,0.00121045621046
880,0.00383893883894,880,0.0516888666889,880,0.00115255115255
881,0.0039183039183,881,0.050883005883,881,0.000992618492618
882,0.00390405890406,882,0.0509440559441,882,0.00112646612647
883,0.00385114885115,883,0.0506469456469,883,0.00115625115625
884,0.00397731897732,884,0.0499957449957,884,0.000979575979576
885,0.00389998889999,885,0.0498899248899,885,0.00118862618863
886,0.00376974876975,886,0.0496782846783,886,0.00112905612906
887,0.00365884115884,887,0.0486027861028,887,0.00120768120768
888,0.00377788877789,888,0.0483962333962,888,0.00125522625523
889,0.00374532874533,889,0.0473461723462,889,0.0010767010767
890,0.00352684352684,890,0.0474235024235,890,0.00114515114515
891,0.0037086987087,891,0.0469595219595,891,0.00105061605062
892,0.00352147852148,892,0.0448207348207,892,0.00108932733933
893,0.00324471824472,893,0.0436913086913,893,0.00108965108965
894,0.0034644984645,894,0.0439924889925,894,0.00117068117068
895,0.00302900802901,895,0.0410335960336,895,0.00100011100011
896,0.00311447811448,896,0.0385631035631,896,0.000995485995486
897,0.00278887778888,897,0.0358646908647,897,0.000934898434898
898,0.00280922780923,898,0.0364874014874,898,0.000899840899841
899,0.00237780737781,899,0.0323685573686,899,0.000892255892256
900,0.00264642764643,900,0.0342733192733,900,0.000885780885781
901,0.00266677766678,901,0.0332720982721,901,0.000924075924076
902,0.00257215007215,902,0.0333677433677,902,0.000902014652015
903,0.0026504976505,903,0.0350181300181,903,0.000971620971621
904,0.00294760794761,904,0.0369432419432,904,0.000996040996041
905,0.00269933769934,905,0.0371548821549,905,0.00106800606801
906,0.00269036519037,906,0.0351809301809,906,0.000915473415473
907,0.00259351759352,907,0.0319819069819,907,0.000922410922411
908,0.00242664742665,908,0.0309888259888,908,0.000872830872831
909,0.00242664742665,909,0.0302602952603,909,0.000933510933511
910,0.00230861730862,910,0.029955044955,910,0.000852665852666
911,0.00235847485847,911,0.030071040071,911,0.00085705960706
912,0.00245143745144,912,0.030362045362,912,0.000759425759426
913,0.00222721722722,913,0.0284491434491,913,0.000831205831206
914,0.0022027972028,914,0.0282456432456,914,0.000992155992156
915,0.00221722721723,915,0.0281143856144,915,0.00089701964702
916,0.00221907721908,916,0.0274357124357,916,0.000831390831391
917,0.00231675731676,917,0.0276432826433,917,0.000839715839716
918,0.00218651718652,918,0.0259501609502,918,0.000863950863951
919,0.00216991341991,919,0.0280716505717,919,0.000878982128982
920,0.00226384726385,920,0.0292509342509,920,0.000895400895401
921,0.00231268731269,921,0.0281764531765,921,0.000879305879306
922,0.00230621230621,922,0.0271101121101,922,0.000706700706701
923,0.00223859473859,923,0.0271131646132,923,0.000845265845266
924,0.00206848706849,924,0.0260478410478,924,0.000833610833611
925,0.00204406704407,925,0.0254251304251,925,0.000891330891331
926,0.00202778702779,926,0.0253478003478,926,0.000806045806046
927,0.00217837717838,927,0.0252175602176,927,0.000872877122877
928,0.00189736189736,928,0.0221162171162,928,0.000785140785141
929,0.00185684685685,929,0.0205696155696,929,0.000760905760906
930,0.00170625670626,930,0.0183066933067,930,0.000570170570171
931,0.00166805416805,931,0.0167957042957,931,0.000715811965812
932,0.00126762126762,932,0.0136994486994,932,0.000595700595701
933,0.00134254634255,933,0.012861027861,933,0.000694490694491
934,0.00103812853813,934,0.0108524808525,934,0.000675435675436
935,0.00124375624376,935,0.01244995745,935,0.000774595774596
936,0.00103248603249,936,0.0116563066563,936,0.000760165760166
937,0.000968290968291,937,0.0111923261923,937,0.000561105561106
938,0.0012074037074,938,0.011524031524,938,0.000803085803086
939,0.0013332963333,939,0.0150222000222,939,0.000694120694121
940,0.00139786139786,940,0.0152094202094,940,0.000706885706886
941,0.00128774003774,941,0.014484959485,941,0.000759795759796
942,0.00122192622193,942,0.0142611092611,942,0.000673955673956
943,0.00112868612869,943,0.013093018093,943,0.000716505716506
944,0.00121212121212,944,0.0132436082436,944,0.000743700743701
945,0.00110084360084,945,0.0133127983128,945,0.000744533244533
946,0.00119399119399,946,0.012160987161,946,0.000721315721316
947,0.00130554630555,947,0.012742997743,947,0.000928700928701
948,0.00109834609835,948,0.0124733599734,948,0.000610361860362
949,0.00107707107707,949,0.0132802382802,949,0.000658600658601
950,0.00117382617383,950,0.0105696155696,950,0.000716505716506
